<?xml version = '1.0' encoding = 'UTF-8'?>
<FKIndexAssociation class="oracle.dbtools.crest.model.design.relational.FKIndexAssociation" directorySegmentName="seg_0" id="471AE1C1-DA88-F9AC-7E7A-84EA7FE38812" containerWithKeyObject="98B6189C-8840-2064-FC8E-B1E8AA827487" localFKIndex="D68C8681-6AE3-FEFD-8F2A-D9DD11813D92" name="T_USER_P_INVEST">
<createdBy>victor</createdBy>
<createdTime>2023-05-30 00:13:10 UTC</createdTime>
<generatorID>19EDFC0A-62B4-E1A3-BF70-1AC7F8B814C3</generatorID>
<ownerDesignName>modelo_fisico</ownerDesignName>
<referredTableLongName>T_PERFIL_INVEST</referredTableLongName>
<deleteRule>NO ACTION</deleteRule>
<referredTableID>85F2D911-9FF3-6D59-616A-ACFD6326508B</referredTableID>
<keyObject>026398DB-5463-59C6-4FD0-434F8AEAAC6C</keyObject>
<referredKeyID>026398DB-5463-59C6-4FD0-434F8AEAAC6C</referredKeyID>
<mandatory>true</mandatory>
<refColNames>TBL_PERFIL_INVESTIDOR_ID</refColNames>
<transferable>true</transferable>
<rely>false</rely>
<columnDependencyConstraintGenerateInDDL>true</columnDependencyConstraintGenerateInDDL>
</FKIndexAssociation>