<?xml version = '1.0' encoding = 'UTF-8'?>
<Entity class="oracle.dbtools.crest.model.design.logical.Entity" directorySegmentName="seg_0" id="11F96997-B95F-6F58-F4F9-8E24B1FA11AD" name="T_INVESTIMENTOS">
<createdBy>victor</createdBy>
<createdTime>2023-05-29 23:41:51 UTC</createdTime>
<ownerDesignName>modelo_fisico</ownerDesignName>
<importedID>03C71231-8E46-685C-68C8-E2601F655CFB</importedID>
<engineerTo>
<item key="72C4941D-54B4-CCEB-FBEC-5E00BC78455D" value="true"/>
<item key="DD2D52F2-FDBC-8A1C-B2E2-8BB03F1E89F0" value="true"/>
<item key="C24B3AF5-220F-91E3-210C-D77B581F9A04" value="true"/>
<item key="A4D50778-4F36-9478-B707-06E3A1900493" value="true"/>
<item key="E2772906-A818-7ECC-9DE9-D94A772FD94B" value="true"/>
<item key="EE65FA15-029B-1D08-B27A-3EE3C92613DD" value="true"/>
</engineerTo>
<adequatelyNormalized>NO</adequatelyNormalized>
<expectedVolumes>0</expectedVolumes>
<fwdEngineeringStrategyName>Single Table</fwdEngineeringStrategyName>
<growthPercent>0</growthPercent>
<growthType>Year</growthType>
<maxVolumes>9999999</maxVolumes>
<minVolumes>0</minVolumes>
<normalForm>Third</normalForm>
<attributes itemClass="oracle.dbtools.crest.model.design.logical.Attribute">
<Attribute name="id_inv" id="04BCD648-D846-43B0-5D05-6E2690FE2DE0">
<createdBy>victor</createdBy>
<createdTime>2023-05-29 23:41:51 UTC</createdTime>
<ownerDesignName>modelo_fisico</ownerDesignName>
<importedID>64611623-8AE3-7E71-5482-FADBEF7E7567</importedID>
<engineerTo>
<item key="72C4941D-54B4-CCEB-FBEC-5E00BC78455D" value="true"/>
<item key="DD2D52F2-FDBC-8A1C-B2E2-8BB03F1E89F0" value="true"/>
<item key="C24B3AF5-220F-91E3-210C-D77B581F9A04" value="true"/>
<item key="A4D50778-4F36-9478-B707-06E3A1900493" value="true"/>
<item key="E2772906-A818-7ECC-9DE9-D94A772FD94B" value="true"/>
<item key="EE65FA15-029B-1D08-B27A-3EE3C92613DD" value="true"/>
</engineerTo>
<useDomainConstraints>false</useDomainConstraints>
<use>1</use>
<logicalDatatype>LOGDT011</logicalDatatype>
<ownDataTypeParameters>,,</ownDataTypeParameters>
</Attribute>
<Attribute name="nome_inv" id="DCF78B95-208C-5F7C-B7CE-1CA0ECAD2F0B">
<createdBy>victor</createdBy>
<createdTime>2023-05-29 23:41:51 UTC</createdTime>
<ownerDesignName>modelo_fisico</ownerDesignName>
<importedID>6F952AB2-78A8-09AD-6EC1-08E41F704ACB</importedID>
<engineerTo>
<item key="72C4941D-54B4-CCEB-FBEC-5E00BC78455D" value="true"/>
<item key="DD2D52F2-FDBC-8A1C-B2E2-8BB03F1E89F0" value="true"/>
<item key="C24B3AF5-220F-91E3-210C-D77B581F9A04" value="true"/>
<item key="A4D50778-4F36-9478-B707-06E3A1900493" value="true"/>
<item key="E2772906-A818-7ECC-9DE9-D94A772FD94B" value="true"/>
<item key="EE65FA15-029B-1D08-B27A-3EE3C92613DD" value="true"/>
</engineerTo>
<useDomainConstraints>false</useDomainConstraints>
<use>1</use>
<logicalDatatype>LOGDT024</logicalDatatype>
<dataTypeSize>30</dataTypeSize>
<ownDataTypeParameters>30,,</ownDataTypeParameters>
</Attribute>
<Attribute name="tipo_inv" id="E32ED45B-3AE4-FF9C-C646-4AAB43F0F965">
<createdBy>victor</createdBy>
<createdTime>2023-05-29 23:41:51 UTC</createdTime>
<ownerDesignName>modelo_fisico</ownerDesignName>
<importedID>0093067F-D721-3D83-EC38-4DC8924BB782</importedID>
<engineerTo>
<item key="72C4941D-54B4-CCEB-FBEC-5E00BC78455D" value="true"/>
<item key="DD2D52F2-FDBC-8A1C-B2E2-8BB03F1E89F0" value="true"/>
<item key="C24B3AF5-220F-91E3-210C-D77B581F9A04" value="true"/>
<item key="A4D50778-4F36-9478-B707-06E3A1900493" value="true"/>
<item key="E2772906-A818-7ECC-9DE9-D94A772FD94B" value="true"/>
<item key="EE65FA15-029B-1D08-B27A-3EE3C92613DD" value="true"/>
</engineerTo>
<useDomainConstraints>false</useDomainConstraints>
<use>1</use>
<logicalDatatype>LOGDT024</logicalDatatype>
<dataTypeSize>30</dataTypeSize>
<ownDataTypeParameters>30,,</ownDataTypeParameters>
</Attribute>
<Attribute name="descricao_inv" id="223A7C30-3EEC-EB9F-A5C8-B1DB52FAE9FF">
<createdBy>victor</createdBy>
<createdTime>2023-05-29 23:41:51 UTC</createdTime>
<ownerDesignName>modelo_fisico</ownerDesignName>
<importedID>99680C59-26A7-967D-4577-D089D82F4C40</importedID>
<engineerTo>
<item key="72C4941D-54B4-CCEB-FBEC-5E00BC78455D" value="true"/>
<item key="DD2D52F2-FDBC-8A1C-B2E2-8BB03F1E89F0" value="true"/>
<item key="C24B3AF5-220F-91E3-210C-D77B581F9A04" value="true"/>
<item key="A4D50778-4F36-9478-B707-06E3A1900493" value="true"/>
<item key="E2772906-A818-7ECC-9DE9-D94A772FD94B" value="true"/>
<item key="EE65FA15-029B-1D08-B27A-3EE3C92613DD" value="true"/>
</engineerTo>
<useDomainConstraints>false</useDomainConstraints>
<use>1</use>
<logicalDatatype>LOGDT024</logicalDatatype>
<dataTypeSize>30</dataTypeSize>
<ownDataTypeParameters>30,,</ownDataTypeParameters>
</Attribute>
<Attribute name="risco_inv" id="1C18E2A6-8996-C406-817C-7993D6F044BB">
<createdBy>victor</createdBy>
<createdTime>2023-05-29 23:41:51 UTC</createdTime>
<ownerDesignName>modelo_fisico</ownerDesignName>
<importedID>B31267B2-E3EA-A83A-607B-F4CB4BFFE314</importedID>
<engineerTo>
<item key="72C4941D-54B4-CCEB-FBEC-5E00BC78455D" value="true"/>
<item key="DD2D52F2-FDBC-8A1C-B2E2-8BB03F1E89F0" value="true"/>
<item key="C24B3AF5-220F-91E3-210C-D77B581F9A04" value="true"/>
<item key="A4D50778-4F36-9478-B707-06E3A1900493" value="true"/>
<item key="E2772906-A818-7ECC-9DE9-D94A772FD94B" value="true"/>
<item key="EE65FA15-029B-1D08-B27A-3EE3C92613DD" value="true"/>
</engineerTo>
<nullsAllowed>true</nullsAllowed>
<useDomainConstraints>false</useDomainConstraints>
<use>1</use>
<logicalDatatype>LOGDT024</logicalDatatype>
<dataTypeSize>30</dataTypeSize>
<ownDataTypeParameters>30,,</ownDataTypeParameters>
</Attribute>
</attributes>
<identifiers itemClass="oracle.dbtools.crest.model.design.logical.CandidateKey">
<identifier id="BADFF88C-4308-E283-60BE-D82E0315D454" name="TBL_INVESTIMENTOS PK">
<createdBy>victor</createdBy>
<createdTime>2023-05-29 23:41:51 UTC</createdTime>
<ownerDesignName>modelo_fisico</ownerDesignName>
<shouldEngineer>false</shouldEngineer>
<importedID>84F96DB4-2FAA-1219-5E46-B33F931339A1</importedID>
<engineerTo>
<item key="72C4941D-54B4-CCEB-FBEC-5E00BC78455D" value="true"/>
<item key="DD2D52F2-FDBC-8A1C-B2E2-8BB03F1E89F0" value="false"/>
<item key="C24B3AF5-220F-91E3-210C-D77B581F9A04" value="true"/>
<item key="A4D50778-4F36-9478-B707-06E3A1900493" value="true"/>
<item key="E2772906-A818-7ECC-9DE9-D94A772FD94B" value="true"/>
<item key="EE65FA15-029B-1D08-B27A-3EE3C92613DD" value="true"/>
</engineerTo>
<pk>true</pk>
<usedAttributes>
<attributeRef>04BCD648-D846-43B0-5D05-6E2690FE2DE0</attributeRef>
</usedAttributes>
</identifier>
</identifiers>
</Entity>