<?xml version = '1.0' encoding = 'UTF-8'?>
<Entity class="oracle.dbtools.crest.model.design.logical.Entity" directorySegmentName="seg_0" id="89CCB336-16AB-CAE5-A7EC-5555EC853B6C" name="PERFIL_INVESTIDOR">
<createdBy>victor</createdBy>
<createdTime>2023-05-29 23:41:51 UTC</createdTime>
<ownerDesignName>modelo_fisico</ownerDesignName>
<importedID>A3276A3D-53F1-E9B2-0D44-E90538DA4C0A</importedID>
<engineerTo>
<item key="72C4941D-54B4-CCEB-FBEC-5E00BC78455D" value="true"/>
<item key="DD2D52F2-FDBC-8A1C-B2E2-8BB03F1E89F0" value="true"/>
<item key="C24B3AF5-220F-91E3-210C-D77B581F9A04" value="true"/>
<item key="A4D50778-4F36-9478-B707-06E3A1900493" value="true"/>
<item key="E2772906-A818-7ECC-9DE9-D94A772FD94B" value="true"/>
<item key="EE65FA15-029B-1D08-B27A-3EE3C92613DD" value="true"/>
</engineerTo>
<adequatelyNormalized>NO</adequatelyNormalized>
<expectedVolumes>0</expectedVolumes>
<fwdEngineeringStrategyName>Single Table</fwdEngineeringStrategyName>
<growthPercent>0</growthPercent>
<growthType>Year</growthType>
<maxVolumes>9999999</maxVolumes>
<minVolumes>0</minVolumes>
<normalForm>Third</normalForm>
<attributes itemClass="oracle.dbtools.crest.model.design.logical.Attribute">
<Attribute name="_conservador" id="051E5573-A39F-E820-BABD-5C32C0BC0400">
<createdBy>victor</createdBy>
<createdTime>2023-05-29 23:41:51 UTC</createdTime>
<ownerDesignName>modelo_fisico</ownerDesignName>
<importedID>C940FB5A-9A00-AD09-7EE5-434E44481690</importedID>
<engineerTo>
<item key="72C4941D-54B4-CCEB-FBEC-5E00BC78455D" value="true"/>
<item key="DD2D52F2-FDBC-8A1C-B2E2-8BB03F1E89F0" value="true"/>
<item key="C24B3AF5-220F-91E3-210C-D77B581F9A04" value="true"/>
<item key="A4D50778-4F36-9478-B707-06E3A1900493" value="true"/>
<item key="E2772906-A818-7ECC-9DE9-D94A772FD94B" value="true"/>
<item key="EE65FA15-029B-1D08-B27A-3EE3C92613DD" value="true"/>
</engineerTo>
<nullsAllowed>true</nullsAllowed>
<useDomainConstraints>false</useDomainConstraints>
<use>1</use>
<logicalDatatype>LOGDT024</logicalDatatype>
<dataTypeSize>30</dataTypeSize>
<ownDataTypeParameters>30,,</ownDataTypeParameters>
</Attribute>
<Attribute name="_mediano" id="351A6526-254D-9633-8055-4D282C674569">
<createdBy>victor</createdBy>
<createdTime>2023-05-29 23:41:51 UTC</createdTime>
<ownerDesignName>modelo_fisico</ownerDesignName>
<importedID>6B8EFE1D-32FE-82FE-D75C-EB5CDAB91E8A</importedID>
<engineerTo>
<item key="72C4941D-54B4-CCEB-FBEC-5E00BC78455D" value="true"/>
<item key="DD2D52F2-FDBC-8A1C-B2E2-8BB03F1E89F0" value="true"/>
<item key="C24B3AF5-220F-91E3-210C-D77B581F9A04" value="true"/>
<item key="A4D50778-4F36-9478-B707-06E3A1900493" value="true"/>
<item key="E2772906-A818-7ECC-9DE9-D94A772FD94B" value="true"/>
<item key="EE65FA15-029B-1D08-B27A-3EE3C92613DD" value="true"/>
</engineerTo>
<nullsAllowed>true</nullsAllowed>
<useDomainConstraints>false</useDomainConstraints>
<use>1</use>
<logicalDatatype>LOGDT024</logicalDatatype>
<dataTypeSize>30</dataTypeSize>
<ownDataTypeParameters>30,,</ownDataTypeParameters>
</Attribute>
<Attribute name="_balanceado" id="DF20F33E-8652-B83B-3DDA-226D45105855">
<createdBy>victor</createdBy>
<createdTime>2023-05-29 23:41:51 UTC</createdTime>
<ownerDesignName>modelo_fisico</ownerDesignName>
<importedID>49018FD6-A70A-B500-129E-7BC85FA81C23</importedID>
<engineerTo>
<item key="72C4941D-54B4-CCEB-FBEC-5E00BC78455D" value="true"/>
<item key="DD2D52F2-FDBC-8A1C-B2E2-8BB03F1E89F0" value="true"/>
<item key="C24B3AF5-220F-91E3-210C-D77B581F9A04" value="true"/>
<item key="A4D50778-4F36-9478-B707-06E3A1900493" value="true"/>
<item key="E2772906-A818-7ECC-9DE9-D94A772FD94B" value="true"/>
<item key="EE65FA15-029B-1D08-B27A-3EE3C92613DD" value="true"/>
</engineerTo>
<nullsAllowed>true</nullsAllowed>
<useDomainConstraints>false</useDomainConstraints>
<use>1</use>
<logicalDatatype>LOGDT024</logicalDatatype>
<dataTypeSize>30</dataTypeSize>
<ownDataTypeParameters>30,,</ownDataTypeParameters>
</Attribute>
<Attribute name="_crescimento" id="4BB6CE00-5347-3987-379A-4D4517198E45">
<createdBy>victor</createdBy>
<createdTime>2023-05-29 23:41:51 UTC</createdTime>
<ownerDesignName>modelo_fisico</ownerDesignName>
<importedID>F348E1B3-8892-F569-79FF-FC3F403144C8</importedID>
<engineerTo>
<item key="72C4941D-54B4-CCEB-FBEC-5E00BC78455D" value="true"/>
<item key="DD2D52F2-FDBC-8A1C-B2E2-8BB03F1E89F0" value="true"/>
<item key="C24B3AF5-220F-91E3-210C-D77B581F9A04" value="true"/>
<item key="A4D50778-4F36-9478-B707-06E3A1900493" value="true"/>
<item key="E2772906-A818-7ECC-9DE9-D94A772FD94B" value="true"/>
<item key="EE65FA15-029B-1D08-B27A-3EE3C92613DD" value="true"/>
</engineerTo>
<nullsAllowed>true</nullsAllowed>
<useDomainConstraints>false</useDomainConstraints>
<use>1</use>
<logicalDatatype>LOGDT024</logicalDatatype>
<dataTypeSize>30</dataTypeSize>
<ownDataTypeParameters>30,,</ownDataTypeParameters>
</Attribute>
</attributes>
</Entity>