<?xml version = '1.0' encoding = 'UTF-8'?>
<MultidimensionalDesign class="oracle.dbtools.crest.model.design.multidimensional.MultidimensionalDesign" name="Multidimensional_1" id="F89C2A5B-B059-E8BC-CE83-9DC92A6AB6F7" mainViewID="EA82F871-D5CF-9BDB-4582-701B2CDDD4DB" boundModel="0790358E-C164-A403-541B-0B6B99DD46DA">
<createdBy>victor</createdBy>
<createdTime>2023-05-30 00:48:53 UTC</createdTime>
<ownerDesignName>banco 02</ownerDesignName>
<shouldBeOpen>false</shouldBeOpen>
</MultidimensionalDesign>