<?xml version = '1.0' encoding = 'UTF-8'?>
<Diagram class="oracle.dbtools.crest.swingui.multidimensional.DPVMultidimensional" name="Multidimensional_1" id="EA82F871-D5CF-9BDB-4582-701B2CDDD4DB">
<createdBy>victor</createdBy>
<modifiedBy>victor</modifiedBy>
<createdTime>2023-05-30 01:02:45 UTC</createdTime>
<autoRoute>false</autoRoute>
<boxInbox>true</boxInbox>
<showLegend>false</showLegend>
<showLabels>false</showLabels>
<showRelAttributes>false</showRelAttributes>
<gridEnabled>false</gridEnabled>
<showGrid>false</showGrid>
<diagramColor>-1</diagramColor>
<display>false</display>
<notation>1</notation>
<compactDiagram class="oracle.dbtools.crest.swingui.multidimensional.DPVCompactMultidimentional" name="Multidimensional_1 - Diagrama Compacto" id="CE93608A-64A7-D901-BCEB-46BBACED0D3D">
<createdBy>victor</createdBy>
<modifiedBy>victor</modifiedBy>
<createdTime>2023-05-30 00:48:53 UTC</createdTime>
<autoRoute>false</autoRoute>
<boxInbox>true</boxInbox>
<showLegend>false</showLegend>
<showLabels>false</showLabels>
<showRelAttributes>false</showRelAttributes>
<gridEnabled>false</gridEnabled>
<showGrid>false</showGrid>
<diagramColor>-1</diagramColor>
<display>false</display>
<notation>1</notation>
</compactDiagram>
</Diagram>