<?xml version = '1.0' encoding = 'UTF-8'?>
<Table class="oracle.dbtools.crest.model.design.relational.Table" directorySegmentName="seg_0" id="DEF5A55E-FCB4-BB98-417C-1A4402994511" name="T_CONTA">
<createdBy>victor</createdBy>
<createdTime>2023-05-30 00:13:10 UTC</createdTime>
<generatorID>64229020-7156-B626-306B-11BD451DEAF5</generatorID>
<ownerDesignName>banco 02</ownerDesignName>
<ordsAlias>tbl_conta_bancaria</ordsAlias>
<allowColumnReorder>false</allowColumnReorder>
<existDependencyGenerateInDDl>true</existDependencyGenerateInDDl>
<parsed>true</parsed>
<columns itemClass="oracle.dbtools.crest.model.design.relational.Column">
<Column name="id_conta" id="32C1B3A7-6DAC-74A9-1A92-8D62DC8AD15C">
<createdBy>victor</createdBy>
<createdTime>2023-05-30 00:13:10 UTC</createdTime>
<generatorID>B2680AA7-E058-AF4F-7E67-8B30290A974A</generatorID>
<ownerDesignName>banco 02</ownerDesignName>
<useDomainConstraints>false</useDomainConstraints>
<use>1</use>
<logicalDatatype>LOGDT024</logicalDatatype>
<dataTypeSize>999</dataTypeSize>
<ownDataTypeParameters>999,,</ownDataTypeParameters>
<autoIncrementCycle>false</autoIncrementCycle>
</Column>
<Column name="tipo_conta" id="DB7C9169-EED7-220E-1EA8-CE69F98C6E8A">
<createdBy>victor</createdBy>
<createdTime>2023-05-30 00:13:10 UTC</createdTime>
<generatorID>47BAA138-733B-1EB8-F32B-4AE8CE351182</generatorID>
<ownerDesignName>banco 02</ownerDesignName>
<nullsAllowed>true</nullsAllowed>
<useDomainConstraints>false</useDomainConstraints>
<use>1</use>
<logicalDatatype>LOGDT024</logicalDatatype>
<dataTypeSize>55</dataTypeSize>
<ownDataTypeParameters>55,,</ownDataTypeParameters>
<autoIncrementCycle>false</autoIncrementCycle>
</Column>
</columns>
<indexes itemClass="oracle.dbtools.crest.model.design.relational.Index">
<ind_PK_UK id="8E4CE566-E710-BC38-23A3-E6B31869B689" name="TBL_CONTA_BANCARIA_PK">
<createdBy>victor</createdBy>
<createdTime>2023-05-30 00:13:10 UTC</createdTime>
<generatorID>E89CEA40-8790-68F3-51EF-7EB4FD107893</generatorID>
<ownerDesignName>banco 02</ownerDesignName>
<pk>true</pk>
<indexState>Primary Constraint</indexState>
<isSurrogateKey>false</isSurrogateKey>
<indexColumnUsage>
<colUsage columnID="32C1B3A7-6DAC-74A9-1A92-8D62DC8AD15C"/>
</indexColumnUsage>
</ind_PK_UK>
</indexes>
</Table>