<?xml version = '1.0' encoding = 'UTF-8'?>
<FKIndexAssociation class="oracle.dbtools.crest.model.design.relational.FKIndexAssociation" directorySegmentName="seg_0" id="141042E0-4851-BAAE-83EF-CA16FA9F6A1C" containerWithKeyObject="3648166D-801C-02BB-75FC-0EAA6D55B04B" localFKIndex="C51ECDA7-9BC7-DFA4-B9F0-BAEA2BC1BAC5" name="Relation_17_TBL_INVESTIMENTOS_FK">
<createdBy>victor</createdBy>
<createdTime>2023-05-30 00:49:29 UTC</createdTime>
<generatorID>021426F0-4D5B-D87B-5179-01A7D3B1F9F4</generatorID>
<ownerDesignName>modelo_fisico</ownerDesignName>
<importedID>84575B43-4FFC-EAE8-FFF1-116B71C640E5</importedID>
<referredTableLongName>TBL_INVESTIMENTOS</referredTableLongName>
<deleteRule>NO ACTION</deleteRule>
<referredTableID>AFAE677C-C108-6848-4172-8AEF2758D241</referredTableID>
<keyObject>10AA7869-BE9A-5715-DA88-61C42446FEB3</keyObject>
<referredKeyID>10AA7869-BE9A-5715-DA88-61C42446FEB3</referredKeyID>
<mandatory>true</mandatory>
<refColNames>id_invest</refColNames>
<transferable>true</transferable>
<rely>false</rely>
<columnDependencyConstraintGenerateInDDL>true</columnDependencyConstraintGenerateInDDL>
</FKIndexAssociation>