<?xml version = '1.0' encoding = 'UTF-8'?>
<Entity class="oracle.dbtools.crest.model.design.logical.Entity" directorySegmentName="seg_0" id="CF5816D6-DA18-72CD-6A90-A5DE039B8C91" name="T_USUARIO">
<createdBy>victor</createdBy>
<createdTime>2023-05-29 23:41:51 UTC</createdTime>
<ownerDesignName>banco 02</ownerDesignName>
<importedID>40A4B1E2-459B-5D22-6106-82163F7EBA6C</importedID>
<engineerTo>
<item key="72C4941D-54B4-CCEB-FBEC-5E00BC78455D" value="true"/>
<item key="DD2D52F2-FDBC-8A1C-B2E2-8BB03F1E89F0" value="true"/>
<item key="C24B3AF5-220F-91E3-210C-D77B581F9A04" value="true"/>
<item key="A4D50778-4F36-9478-B707-06E3A1900493" value="true"/>
<item key="E2772906-A818-7ECC-9DE9-D94A772FD94B" value="true"/>
<item key="EE65FA15-029B-1D08-B27A-3EE3C92613DD" value="true"/>
</engineerTo>
<adequatelyNormalized>NO</adequatelyNormalized>
<expectedVolumes>0</expectedVolumes>
<fwdEngineeringStrategyName>Single Table</fwdEngineeringStrategyName>
<growthPercent>0</growthPercent>
<growthType>Year</growthType>
<maxVolumes>9999999</maxVolumes>
<minVolumes>0</minVolumes>
<normalForm>Third</normalForm>
<attributes itemClass="oracle.dbtools.crest.model.design.logical.Attribute">
<Attribute name="id" id="C8BEE2E0-3E09-D5AA-22DA-C43979FE525C">
<createdBy>victor</createdBy>
<createdTime>2023-05-29 23:41:51 UTC</createdTime>
<ownerDesignName>banco 02</ownerDesignName>
<importedID>B3850B26-3354-34C4-6E3D-0330EB8A3473</importedID>
<engineerTo>
<item key="72C4941D-54B4-CCEB-FBEC-5E00BC78455D" value="true"/>
<item key="DD2D52F2-FDBC-8A1C-B2E2-8BB03F1E89F0" value="true"/>
<item key="C24B3AF5-220F-91E3-210C-D77B581F9A04" value="true"/>
<item key="A4D50778-4F36-9478-B707-06E3A1900493" value="true"/>
<item key="E2772906-A818-7ECC-9DE9-D94A772FD94B" value="true"/>
<item key="EE65FA15-029B-1D08-B27A-3EE3C92613DD" value="true"/>
</engineerTo>
<useDomainConstraints>false</useDomainConstraints>
<use>1</use>
<logicalDatatype>LOGDT011</logicalDatatype>
<ownDataTypeParameters>,,</ownDataTypeParameters>
</Attribute>
<Attribute name="nome" id="F772CE82-2911-E51C-A0C9-42639D2713C4">
<createdBy>victor</createdBy>
<createdTime>2023-05-29 23:41:51 UTC</createdTime>
<ownerDesignName>banco 02</ownerDesignName>
<importedID>0D02733C-D9DE-24A8-63C2-BDF427AD4131</importedID>
<engineerTo>
<item key="72C4941D-54B4-CCEB-FBEC-5E00BC78455D" value="true"/>
<item key="DD2D52F2-FDBC-8A1C-B2E2-8BB03F1E89F0" value="true"/>
<item key="C24B3AF5-220F-91E3-210C-D77B581F9A04" value="true"/>
<item key="A4D50778-4F36-9478-B707-06E3A1900493" value="true"/>
<item key="E2772906-A818-7ECC-9DE9-D94A772FD94B" value="true"/>
<item key="EE65FA15-029B-1D08-B27A-3EE3C92613DD" value="true"/>
</engineerTo>
<useDomainConstraints>false</useDomainConstraints>
<use>1</use>
<logicalDatatype>LOGDT024</logicalDatatype>
<dataTypeSize>30</dataTypeSize>
<ownDataTypeParameters>30,,</ownDataTypeParameters>
</Attribute>
<Attribute name="email" id="19FCB3B0-30D4-E5E5-AC82-02C57F34E6CE">
<createdBy>victor</createdBy>
<createdTime>2023-05-29 23:41:51 UTC</createdTime>
<ownerDesignName>banco 02</ownerDesignName>
<importedID>51DD160A-2429-4781-B6A4-7B259E4E51B5</importedID>
<engineerTo>
<item key="72C4941D-54B4-CCEB-FBEC-5E00BC78455D" value="true"/>
<item key="DD2D52F2-FDBC-8A1C-B2E2-8BB03F1E89F0" value="true"/>
<item key="C24B3AF5-220F-91E3-210C-D77B581F9A04" value="true"/>
<item key="A4D50778-4F36-9478-B707-06E3A1900493" value="true"/>
<item key="E2772906-A818-7ECC-9DE9-D94A772FD94B" value="true"/>
<item key="EE65FA15-029B-1D08-B27A-3EE3C92613DD" value="true"/>
</engineerTo>
<useDomainConstraints>false</useDomainConstraints>
<use>1</use>
<logicalDatatype>LOGDT024</logicalDatatype>
<dataTypeSize>30</dataTypeSize>
<ownDataTypeParameters>30,,</ownDataTypeParameters>
</Attribute>
<Attribute name="senha" id="03F763E7-EEBD-B8B2-01E1-E08B64D3AFD4">
<createdBy>victor</createdBy>
<createdTime>2023-05-29 23:41:51 UTC</createdTime>
<ownerDesignName>banco 02</ownerDesignName>
<importedID>A05912EF-2F9C-5C02-0395-E8E6D40B8A88</importedID>
<engineerTo>
<item key="72C4941D-54B4-CCEB-FBEC-5E00BC78455D" value="true"/>
<item key="DD2D52F2-FDBC-8A1C-B2E2-8BB03F1E89F0" value="true"/>
<item key="C24B3AF5-220F-91E3-210C-D77B581F9A04" value="true"/>
<item key="A4D50778-4F36-9478-B707-06E3A1900493" value="true"/>
<item key="E2772906-A818-7ECC-9DE9-D94A772FD94B" value="true"/>
<item key="EE65FA15-029B-1D08-B27A-3EE3C92613DD" value="true"/>
</engineerTo>
<useDomainConstraints>false</useDomainConstraints>
<use>1</use>
<logicalDatatype>LOGDT024</logicalDatatype>
<dataTypeSize>30</dataTypeSize>
<ownDataTypeParameters>30,,</ownDataTypeParameters>
</Attribute>
<Attribute name="dt_registro" id="6582CDD2-156D-FE2F-6994-84B3544BACF5">
<createdBy>victor</createdBy>
<createdTime>2023-05-29 23:41:51 UTC</createdTime>
<ownerDesignName>banco 02</ownerDesignName>
<importedID>8151DDA7-52F7-518F-14DD-BBDA7C3228F0</importedID>
<engineerTo>
<item key="72C4941D-54B4-CCEB-FBEC-5E00BC78455D" value="true"/>
<item key="DD2D52F2-FDBC-8A1C-B2E2-8BB03F1E89F0" value="true"/>
<item key="C24B3AF5-220F-91E3-210C-D77B581F9A04" value="true"/>
<item key="A4D50778-4F36-9478-B707-06E3A1900493" value="true"/>
<item key="E2772906-A818-7ECC-9DE9-D94A772FD94B" value="true"/>
<item key="EE65FA15-029B-1D08-B27A-3EE3C92613DD" value="true"/>
</engineerTo>
<useDomainConstraints>false</useDomainConstraints>
<use>1</use>
<logicalDatatype>LOGDT007</logicalDatatype>
<ownDataTypeParameters>,,</ownDataTypeParameters>
</Attribute>
<Attribute name="CPF" id="EB1C22FD-7B72-54C6-E9DD-DE495E5A5FC9">
<createdBy>victor</createdBy>
<createdTime>2023-05-29 23:41:51 UTC</createdTime>
<ownerDesignName>banco 02</ownerDesignName>
<importedID>3C0399D7-C1C6-C033-E404-1C77AF1FC681</importedID>
<engineerTo>
<item key="72C4941D-54B4-CCEB-FBEC-5E00BC78455D" value="true"/>
<item key="DD2D52F2-FDBC-8A1C-B2E2-8BB03F1E89F0" value="true"/>
<item key="C24B3AF5-220F-91E3-210C-D77B581F9A04" value="true"/>
<item key="A4D50778-4F36-9478-B707-06E3A1900493" value="true"/>
<item key="E2772906-A818-7ECC-9DE9-D94A772FD94B" value="true"/>
<item key="EE65FA15-029B-1D08-B27A-3EE3C92613DD" value="true"/>
</engineerTo>
<useDomainConstraints>false</useDomainConstraints>
<use>1</use>
<logicalDatatype>LOGDT024</logicalDatatype>
<dataTypeSize>11</dataTypeSize>
<ownDataTypeParameters>11,,</ownDataTypeParameters>
</Attribute>
<Attribute name="id_conta" id="3D1E642A-DC3B-3163-882D-8C7F17EB18DF">
<createdBy>victor</createdBy>
<createdTime>2023-05-29 23:41:51 UTC</createdTime>
<generatorID>EDF061A5-3E2F-CBB6-4C26-76A1547786EA</generatorID>
<ownerDesignName>banco 02</ownerDesignName>
<importedID>067F6A4F-9906-9E37-00F9-46BEE0034642</importedID>
<engineerTo>
<item key="72C4941D-54B4-CCEB-FBEC-5E00BC78455D" value="true"/>
<item key="DD2D52F2-FDBC-8A1C-B2E2-8BB03F1E89F0" value="true"/>
<item key="C24B3AF5-220F-91E3-210C-D77B581F9A04" value="true"/>
<item key="A4D50778-4F36-9478-B707-06E3A1900493" value="true"/>
<item key="E2772906-A818-7ECC-9DE9-D94A772FD94B" value="true"/>
<item key="EE65FA15-029B-1D08-B27A-3EE3C92613DD" value="true"/>
</engineerTo>
<referedAttribute>B2680AA7-E058-AF4F-7E67-8B30290A974A</referedAttribute>
<useDomainConstraints>false</useDomainConstraints>
<use>1</use>
<logicalDatatype>LOGDT024</logicalDatatype>
<dataTypeSize>30</dataTypeSize>
<ownDataTypeParameters>,,</ownDataTypeParameters>
</Attribute>
</attributes>
<identifiers itemClass="oracle.dbtools.crest.model.design.logical.CandidateKey">
<identifier id="9AC1931B-402D-F782-90EC-A420BA28A0D9" name="TBL_USUARIO PK">
<createdBy>victor</createdBy>
<createdTime>2023-05-29 23:41:51 UTC</createdTime>
<ownerDesignName>banco 02</ownerDesignName>
<shouldEngineer>false</shouldEngineer>
<importedID>A5454B97-BC20-166A-9DE6-420093AEC013</importedID>
<engineerTo>
<item key="72C4941D-54B4-CCEB-FBEC-5E00BC78455D" value="true"/>
<item key="DD2D52F2-FDBC-8A1C-B2E2-8BB03F1E89F0" value="false"/>
<item key="C24B3AF5-220F-91E3-210C-D77B581F9A04" value="true"/>
<item key="A4D50778-4F36-9478-B707-06E3A1900493" value="true"/>
<item key="E2772906-A818-7ECC-9DE9-D94A772FD94B" value="true"/>
<item key="EE65FA15-029B-1D08-B27A-3EE3C92613DD" value="true"/>
</engineerTo>
<pk>true</pk>
<usedAttributes>
<attributeRef>C8BEE2E0-3E09-D5AA-22DA-C43979FE525C</attributeRef>
</usedAttributes>
</identifier>
</identifiers>
</Entity>