<?xml version = '1.0' encoding = 'UTF-8'?>
<FKIndexAssociation class="oracle.dbtools.crest.model.design.relational.FKIndexAssociation" directorySegmentName="seg_0" id="3D56AF1C-CF41-0CB9-1F4C-ADD3CDB27F0B" containerWithKeyObject="26929DCB-F3E1-9E4B-6E2C-5A38026BA9C9" localFKIndex="7B824DFB-73D2-6915-EB57-4685A81ECB96" name="Relation_17_T_USER_FK">
<createdBy>victor</createdBy>
<createdTime>2023-05-30 00:13:10 UTC</createdTime>
<generatorID>021426F0-4D5B-D87B-5179-01A7D3B1F9F4</generatorID>
<ownerDesignName>banco 02</ownerDesignName>
<referredTableLongName>T_USUARIO</referredTableLongName>
<deleteRule>NO ACTION</deleteRule>
<referredTableID>98B6189C-8840-2064-FC8E-B1E8AA827487</referredTableID>
<keyObject>16953B36-BC69-F657-8009-E8CC5F9A7842</keyObject>
<referredKeyID>16953B36-BC69-F657-8009-E8CC5F9A7842</referredKeyID>
<mandatory>true</mandatory>
<refColNames>id</refColNames>
<transferable>true</transferable>
<rely>false</rely>
<columnDependencyConstraintGenerateInDDL>true</columnDependencyConstraintGenerateInDDL>
</FKIndexAssociation>