<?xml version = '1.0' encoding = 'UTF-8'?>
<FKIndexAssociation class="oracle.dbtools.crest.model.design.relational.FKIndexAssociation" directorySegmentName="seg_0" id="84575B43-4FFC-EAE8-FFF1-116B71C640E5" containerWithKeyObject="26929DCB-F3E1-9E4B-6E2C-5A38026BA9C9" localFKIndex="5BD1ADAD-571B-1FC0-1FA8-BCC230A64CDE" name="Relation_17_T_INVEST_FK">
<createdBy>victor</createdBy>
<createdTime>2023-05-30 00:13:10 UTC</createdTime>
<generatorID>021426F0-4D5B-D87B-5179-01A7D3B1F9F4</generatorID>
<ownerDesignName>banco 02</ownerDesignName>
<referredTableLongName>T_INVESTIMENTOS</referredTableLongName>
<deleteRule>NO ACTION</deleteRule>
<referredTableID>9EDD06AE-822C-4724-B9BC-F91B19A55E11</referredTableID>
<keyObject>F2ADE92B-C706-2524-5F77-2F5AE2275572</keyObject>
<referredKeyID>F2ADE92B-C706-2524-5F77-2F5AE2275572</referredKeyID>
<mandatory>true</mandatory>
<refColNames>id_invest</refColNames>
<transferable>true</transferable>
<rely>false</rely>
<columnDependencyConstraintGenerateInDDL>true</columnDependencyConstraintGenerateInDDL>
</FKIndexAssociation>