<?xml version = '1.0' encoding = 'UTF-8'?>
<FKIndexAssociation class="oracle.dbtools.crest.model.design.relational.FKIndexAssociation" directorySegmentName="seg_0" id="DA29D25E-6F72-0EE1-55B6-C19B46CF7C6E" containerWithKeyObject="98B6189C-8840-2064-FC8E-B1E8AA827487" localFKIndex="46484D02-8B85-1537-4E17-8FC4EDB1D4E5" name="T_USER_CONTA">
<createdBy>victor</createdBy>
<createdTime>2023-05-30 00:13:10 UTC</createdTime>
<generatorID>EDF061A5-3E2F-CBB6-4C26-76A1547786EA</generatorID>
<ownerDesignName>banco 02</ownerDesignName>
<referredTableLongName>T_CONTA</referredTableLongName>
<deleteRule>NO ACTION</deleteRule>
<referredTableID>DEF5A55E-FCB4-BB98-417C-1A4402994511</referredTableID>
<keyObject>8E4CE566-E710-BC38-23A3-E6B31869B689</keyObject>
<referredKeyID>8E4CE566-E710-BC38-23A3-E6B31869B689</referredKeyID>
<mandatory>true</mandatory>
<refColNames>id_conta</refColNames>
<transferable>true</transferable>
<rely>false</rely>
<columnDependencyConstraintGenerateInDDL>true</columnDependencyConstraintGenerateInDDL>
</FKIndexAssociation>