<?xml version = '1.0' encoding = 'UTF-8'?>
<Table class="oracle.dbtools.crest.model.design.relational.Table" directorySegmentName="seg_0" id="26929DCB-F3E1-9E4B-6E2C-5A38026BA9C9" name="Relation_17">
<createdBy>victor</createdBy>
<createdTime>2023-05-30 00:13:10 UTC</createdTime>
<ownerDesignName>modelo_fisico</ownerDesignName>
<allowColumnReorder>false</allowColumnReorder>
<existDependencyGenerateInDDl>true</existDependencyGenerateInDDl>
<parsed>true</parsed>
<columns itemClass="oracle.dbtools.crest.model.design.relational.Column">
<Column name="t_u_inv" id="445E8304-60F1-F91D-55F2-32C06ECDB034">
<createdBy>victor</createdBy>
<createdTime>2023-05-30 00:13:10 UTC</createdTime>
<ownerDesignName>modelo_fisico</ownerDesignName>
<useDomainConstraints>false</useDomainConstraints>
<use>1</use>
<logicalDatatype>LOGDT011</logicalDatatype>
<ownDataTypeParameters>,,</ownDataTypeParameters>
<previousColumn>false</previousColumn>
<autoIncrementCycle>false</autoIncrementCycle>
<associations>
<colAssociation fkAssociation="3D56AF1C-CF41-0CB9-1F4C-ADD3CDB27F0B" referredColumn="754B22F1-A1DA-4E59-78BA-DBA2D544D99C"/>
</associations>
</Column>
<Column name="T_iv" id="F836889A-F9F1-8513-8ECF-4C973396F6FF">
<createdBy>victor</createdBy>
<createdTime>2023-05-30 00:13:10 UTC</createdTime>
<ownerDesignName>modelo_fisico</ownerDesignName>
<useDomainConstraints>false</useDomainConstraints>
<use>1</use>
<logicalDatatype>LOGDT011</logicalDatatype>
<ownDataTypeParameters>,,</ownDataTypeParameters>
<previousColumn>false</previousColumn>
<autoIncrementCycle>false</autoIncrementCycle>
<associations>
<colAssociation fkAssociation="84575B43-4FFC-EAE8-FFF1-116B71C640E5" referredColumn="F19250F6-1179-62C7-7BB5-6D919C34D68A"/>
</associations>
</Column>
</columns>
<indexes itemClass="oracle.dbtools.crest.model.design.relational.Index">
<ind_PK_UK id="812C566D-9DA6-73E0-983C-5466C9E82BEF" name="Relation_17_PK">
<createdBy>victor</createdBy>
<createdTime>2023-05-30 00:13:10 UTC</createdTime>
<ownerDesignName>modelo_fisico</ownerDesignName>
<pk>true</pk>
<indexState>Primary Constraint</indexState>
<isSurrogateKey>false</isSurrogateKey>
<indexColumnUsage>
<colUsage columnID="445E8304-60F1-F91D-55F2-32C06ECDB034"/>
<colUsage columnID="F836889A-F9F1-8513-8ECF-4C973396F6FF"/>
</indexColumnUsage>
</ind_PK_UK>
<ind_PK_UK id="7B824DFB-73D2-6915-EB57-4685A81ECB96" name="Relation_17_T_USER_FK">
<createdBy>victor</createdBy>
<createdTime>2023-05-30 00:13:10 UTC</createdTime>
<generatorID>021426F0-4D5B-D87B-5179-01A7D3B1F9F4</generatorID>
<ownerDesignName>modelo_fisico</ownerDesignName>
<indexState>Foreign Key</indexState>
<isSurrogateKey>false</isSurrogateKey>
<indexColumnUsage>
<colUsage columnID="445E8304-60F1-F91D-55F2-32C06ECDB034"/>
</indexColumnUsage>
</ind_PK_UK>
<ind_PK_UK id="5BD1ADAD-571B-1FC0-1FA8-BCC230A64CDE" name="Relation_17_T_INVEST_FK">
<createdBy>victor</createdBy>
<createdTime>2023-05-30 00:13:10 UTC</createdTime>
<generatorID>021426F0-4D5B-D87B-5179-01A7D3B1F9F4</generatorID>
<ownerDesignName>modelo_fisico</ownerDesignName>
<indexState>Foreign Key</indexState>
<isSurrogateKey>false</isSurrogateKey>
<indexColumnUsage>
<colUsage columnID="F836889A-F9F1-8513-8ECF-4C973396F6FF"/>
</indexColumnUsage>
</ind_PK_UK>
</indexes>
</Table>