<?xml version = '1.0' encoding = 'UTF-8'?>
<Table class="oracle.dbtools.crest.model.design.relational.Table" directorySegmentName="seg_0" id="98B6189C-8840-2064-FC8E-B1E8AA827487" name="T_USUARIO">
<createdBy>victor</createdBy>
<createdTime>2023-05-30 00:13:10 UTC</createdTime>
<generatorID>CF5816D6-DA18-72CD-6A90-A5DE039B8C91</generatorID>
<ownerDesignName>modelo_fisico</ownerDesignName>
<ordsAlias>tbl_usuario</ordsAlias>
<allowColumnReorder>false</allowColumnReorder>
<existDependencyGenerateInDDl>true</existDependencyGenerateInDDl>
<parsed>true</parsed>
<columns itemClass="oracle.dbtools.crest.model.design.relational.Column">
<Column name="id" id="754B22F1-A1DA-4E59-78BA-DBA2D544D99C">
<createdBy>victor</createdBy>
<createdTime>2023-05-30 00:13:10 UTC</createdTime>
<generatorID>C8BEE2E0-3E09-D5AA-22DA-C43979FE525C</generatorID>
<ownerDesignName>modelo_fisico</ownerDesignName>
<useDomainConstraints>false</useDomainConstraints>
<use>1</use>
<logicalDatatype>LOGDT011</logicalDatatype>
<ownDataTypeParameters>,,</ownDataTypeParameters>
<autoIncrementCycle>false</autoIncrementCycle>
</Column>
<Column name="nome" id="BAA015D1-4BEF-1889-6435-075135FFAC6B">
<createdBy>victor</createdBy>
<createdTime>2023-05-30 00:13:10 UTC</createdTime>
<generatorID>F772CE82-2911-E51C-A0C9-42639D2713C4</generatorID>
<ownerDesignName>modelo_fisico</ownerDesignName>
<useDomainConstraints>false</useDomainConstraints>
<use>1</use>
<logicalDatatype>LOGDT024</logicalDatatype>
<dataTypeSize>55</dataTypeSize>
<ownDataTypeParameters>55,,</ownDataTypeParameters>
<autoIncrementCycle>false</autoIncrementCycle>
</Column>
<Column name="email" id="08D6E092-B394-B2EC-747C-C035FF10B54D">
<createdBy>victor</createdBy>
<createdTime>2023-05-30 00:13:10 UTC</createdTime>
<generatorID>19FCB3B0-30D4-E5E5-AC82-02C57F34E6CE</generatorID>
<ownerDesignName>modelo_fisico</ownerDesignName>
<useDomainConstraints>false</useDomainConstraints>
<use>1</use>
<logicalDatatype>LOGDT024</logicalDatatype>
<dataTypeSize>55</dataTypeSize>
<ownDataTypeParameters>55,,</ownDataTypeParameters>
<autoIncrementCycle>false</autoIncrementCycle>
</Column>
<Column name="senha" id="8E7A66EF-AB3B-4366-D2C0-795825B11B74">
<createdBy>victor</createdBy>
<createdTime>2023-05-30 00:13:10 UTC</createdTime>
<generatorID>03F763E7-EEBD-B8B2-01E1-E08B64D3AFD4</generatorID>
<ownerDesignName>modelo_fisico</ownerDesignName>
<useDomainConstraints>false</useDomainConstraints>
<use>1</use>
<logicalDatatype>LOGDT024</logicalDatatype>
<dataTypeSize>55</dataTypeSize>
<ownDataTypeParameters>55,,</ownDataTypeParameters>
<autoIncrementCycle>false</autoIncrementCycle>
</Column>
<Column name="dt_registro" id="4A178425-C8DA-2044-62D8-706613B50CA8">
<createdBy>victor</createdBy>
<createdTime>2023-05-30 00:13:10 UTC</createdTime>
<generatorID>6582CDD2-156D-FE2F-6994-84B3544BACF5</generatorID>
<ownerDesignName>modelo_fisico</ownerDesignName>
<useDomainConstraints>false</useDomainConstraints>
<use>1</use>
<logicalDatatype>LOGDT007</logicalDatatype>
<ownDataTypeParameters>,,</ownDataTypeParameters>
<autoIncrementCycle>false</autoIncrementCycle>
</Column>
<Column name="CPF" id="E479AD5C-B809-5E5B-62B1-31BE3215BA8D">
<createdBy>victor</createdBy>
<createdTime>2023-05-30 00:13:10 UTC</createdTime>
<generatorID>EB1C22FD-7B72-54C6-E9DD-DE495E5A5FC9</generatorID>
<ownerDesignName>modelo_fisico</ownerDesignName>
<useDomainConstraints>false</useDomainConstraints>
<use>1</use>
<logicalDatatype>LOGDT024</logicalDatatype>
<dataTypeSize>11</dataTypeSize>
<ownDataTypeParameters>11,,</ownDataTypeParameters>
<autoIncrementCycle>false</autoIncrementCycle>
</Column>
<Column name="T_conta_id" id="26F317C7-7BB3-7E03-8120-4915DD060D84">
<createdBy>victor</createdBy>
<createdTime>2023-05-30 00:13:10 UTC</createdTime>
<generatorID>3D1E642A-DC3B-3163-882D-8C7F17EB18DF</generatorID>
<ownerDesignName>modelo_fisico</ownerDesignName>
<useDomainConstraints>false</useDomainConstraints>
<use>1</use>
<logicalDatatype>LOGDT024</logicalDatatype>
<dataTypeSize>999</dataTypeSize>
<ownDataTypeParameters>,,</ownDataTypeParameters>
<previousColumn>false</previousColumn>
<autoIncrementCycle>false</autoIncrementCycle>
<associations>
<colAssociation fkAssociation="DA29D25E-6F72-0EE1-55B6-C19B46CF7C6E" referredColumn="32C1B3A7-6DAC-74A9-1A92-8D62DC8AD15C"/>
</associations>
</Column>
<Column name="perfil_invest" id="ABA7D70C-A2C2-F987-93D2-05346177C080">
<createdBy>victor</createdBy>
<createdTime>2023-05-30 00:13:10 UTC</createdTime>
<ownerDesignName>modelo_fisico</ownerDesignName>
<useDomainConstraints>false</useDomainConstraints>
<use>1</use>
<logicalDatatype>LOGDT019</logicalDatatype>
<ownDataTypeParameters>,,</ownDataTypeParameters>
<previousColumn>false</previousColumn>
<autoIncrementCycle>false</autoIncrementCycle>
<associations>
<colAssociation fkAssociation="471AE1C1-DA88-F9AC-7E7A-84EA7FE38812" referredColumn="C946FFB1-588E-456B-224E-31CA2CD24323"/>
</associations>
</Column>
</columns>
<indexes itemClass="oracle.dbtools.crest.model.design.relational.Index">
<ind_PK_UK id="16953B36-BC69-F657-8009-E8CC5F9A7842" name="TBL_USUARIO_PK">
<createdBy>victor</createdBy>
<createdTime>2023-05-30 00:13:10 UTC</createdTime>
<generatorID>9AC1931B-402D-F782-90EC-A420BA28A0D9</generatorID>
<ownerDesignName>modelo_fisico</ownerDesignName>
<pk>true</pk>
<indexState>Primary Constraint</indexState>
<isSurrogateKey>false</isSurrogateKey>
<indexColumnUsage>
<colUsage columnID="754B22F1-A1DA-4E59-78BA-DBA2D544D99C"/>
</indexColumnUsage>
</ind_PK_UK>
<ind_PK_UK id="D68C8681-6AE3-FEFD-8F2A-D9DD11813D92" name="T_USER_P_INVEST">
<createdBy>victor</createdBy>
<createdTime>2023-05-30 00:13:10 UTC</createdTime>
<generatorID>19EDFC0A-62B4-E1A3-BF70-1AC7F8B814C3</generatorID>
<ownerDesignName>modelo_fisico</ownerDesignName>
<indexState>Foreign Key</indexState>
<isSurrogateKey>false</isSurrogateKey>
<indexColumnUsage>
<colUsage columnID="ABA7D70C-A2C2-F987-93D2-05346177C080"/>
</indexColumnUsage>
</ind_PK_UK>
<ind_PK_UK id="46484D02-8B85-1537-4E17-8FC4EDB1D4E5" name="T_USER_CONTA">
<createdBy>victor</createdBy>
<createdTime>2023-05-30 00:13:10 UTC</createdTime>
<generatorID>EDF061A5-3E2F-CBB6-4C26-76A1547786EA</generatorID>
<ownerDesignName>modelo_fisico</ownerDesignName>
<indexState>Foreign Key</indexState>
<isSurrogateKey>false</isSurrogateKey>
<indexColumnUsage>
<colUsage columnID="26F317C7-7BB3-7E03-8120-4915DD060D84"/>
</indexColumnUsage>
</ind_PK_UK>
</indexes>
</Table>