<?xml version = '1.0' encoding = 'UTF-8'?>
<Relation class="oracle.dbtools.crest.model.design.logical.Relation" name="invest_U" directorySegmentName="seg_0" id="19EDFC0A-62B4-E1A3-BF70-1AC7F8B814C3">
<createdBy>victor</createdBy>
<createdTime>2023-05-29 23:41:51 UTC</createdTime>
<ownerDesignName>modelo_fisico</ownerDesignName>
<importedID>14D7658B-D122-3330-F36D-5E6E22E97E90</importedID>
<engineerTo>
<item key="72C4941D-54B4-CCEB-FBEC-5E00BC78455D" value="true"/>
<item key="DD2D52F2-FDBC-8A1C-B2E2-8BB03F1E89F0" value="true"/>
<item key="C24B3AF5-220F-91E3-210C-D77B581F9A04" value="true"/>
<item key="A4D50778-4F36-9478-B707-06E3A1900493" value="true"/>
<item key="E2772906-A818-7ECC-9DE9-D94A772FD94B" value="true"/>
<item key="EE65FA15-029B-1D08-B27A-3EE3C92613DD" value="true"/>
</engineerTo>
<identifying>false</identifying>
<optionalSource>true</optionalSource>
<optionalTarget>false</optionalTarget>
<sourceCardinality>1</sourceCardinality>
<sourceEntity>89CCB336-16AB-CAE5-A7EC-5555EC853B6C</sourceEntity>
<targetCardinalityString>*</targetCardinalityString>
<targetEntity>CF5816D6-DA18-72CD-6A90-A5DE039B8C91</targetEntity>
<transferable>true</transferable>
<deleteRule>NO ACTION</deleteRule>
</Relation>