<?xml version = '1.0' encoding = 'UTF-8'?>
<Table class="oracle.dbtools.crest.model.design.relational.Table" directorySegmentName="seg_0" id="3648166D-801C-02BB-75FC-0EAA6D55B04B" name="Relation_17">
<createdBy>victor</createdBy>
<createdTime>2023-05-30 00:49:29 UTC</createdTime>
<ownerDesignName>modelo_fisico</ownerDesignName>
<importedID>26929DCB-F3E1-9E4B-6E2C-5A38026BA9C9</importedID>
<allowColumnReorder>false</allowColumnReorder>
<existDependencyGenerateInDDl>true</existDependencyGenerateInDDl>
<parsed>true</parsed>
<columns itemClass="oracle.dbtools.crest.model.design.relational.Column">
<Column name="TBL_USUARIO_id_usuario" id="3305503C-EDD9-9AB9-3D5C-D0BE4D71F9BC">
<createdBy>victor</createdBy>
<createdTime>2023-05-30 00:49:29 UTC</createdTime>
<ownerDesignName>modelo_fisico</ownerDesignName>
<importedID>445E8304-60F1-F91D-55F2-32C06ECDB034</importedID>
<useDomainConstraints>false</useDomainConstraints>
<use>1</use>
<logicalDatatype>LOGDT011</logicalDatatype>
<ownDataTypeParameters>,,</ownDataTypeParameters>
<autoIncrementCycle>false</autoIncrementCycle>
<associations>
<colAssociation fkAssociation="F1675123-0FC5-5B5D-7FCF-6147F81D6C4A" referredColumn="802FB3E0-093D-3789-DF8E-CEF7B2A57656"/>
</associations>
</Column>
<Column name="TBL_INVESTIMENTOS_id_investimento" id="20073293-E2CF-F1FB-2078-61944B2553BA">
<createdBy>victor</createdBy>
<createdTime>2023-05-30 00:49:29 UTC</createdTime>
<ownerDesignName>modelo_fisico</ownerDesignName>
<importedID>F836889A-F9F1-8513-8ECF-4C973396F6FF</importedID>
<useDomainConstraints>false</useDomainConstraints>
<use>1</use>
<logicalDatatype>LOGDT011</logicalDatatype>
<ownDataTypeParameters>,,</ownDataTypeParameters>
<autoIncrementCycle>false</autoIncrementCycle>
<associations>
<colAssociation fkAssociation="141042E0-4851-BAAE-83EF-CA16FA9F6A1C" referredColumn="5020D323-10A2-088A-BE6A-C8F47073C7BF"/>
</associations>
</Column>
</columns>
<indexes itemClass="oracle.dbtools.crest.model.design.relational.Index">
<ind_PK_UK id="AD06E1E4-8ECD-AAE3-AE1C-89A68F6B6D39" name="Relation_17_PK">
<createdBy>victor</createdBy>
<createdTime>2023-05-30 00:49:29 UTC</createdTime>
<ownerDesignName>modelo_fisico</ownerDesignName>
<importedID>812C566D-9DA6-73E0-983C-5466C9E82BEF</importedID>
<pk>true</pk>
<indexState>Primary Constraint</indexState>
<isSurrogateKey>false</isSurrogateKey>
<indexColumnUsage>
<colUsage columnID="3305503C-EDD9-9AB9-3D5C-D0BE4D71F9BC"/>
<colUsage columnID="20073293-E2CF-F1FB-2078-61944B2553BA"/>
</indexColumnUsage>
</ind_PK_UK>
<ind_PK_UK id="D5FF1DD1-3979-93E3-39AF-6D8E03F2A6DE" name="Relation_17_TBL_USUARIO_FK">
<createdBy>victor</createdBy>
<createdTime>2023-05-30 00:49:29 UTC</createdTime>
<generatorID>021426F0-4D5B-D87B-5179-01A7D3B1F9F4</generatorID>
<ownerDesignName>modelo_fisico</ownerDesignName>
<indexState>Foreign Key</indexState>
<isSurrogateKey>false</isSurrogateKey>
<indexColumnUsage>
<colUsage columnID="3305503C-EDD9-9AB9-3D5C-D0BE4D71F9BC"/>
</indexColumnUsage>
</ind_PK_UK>
<ind_PK_UK id="C51ECDA7-9BC7-DFA4-B9F0-BAEA2BC1BAC5" name="Relation_17_TBL_INVESTIMENTOS_FK">
<createdBy>victor</createdBy>
<createdTime>2023-05-30 00:49:29 UTC</createdTime>
<generatorID>021426F0-4D5B-D87B-5179-01A7D3B1F9F4</generatorID>
<ownerDesignName>modelo_fisico</ownerDesignName>
<indexState>Foreign Key</indexState>
<isSurrogateKey>false</isSurrogateKey>
<indexColumnUsage>
<colUsage columnID="20073293-E2CF-F1FB-2078-61944B2553BA"/>
</indexColumnUsage>
</ind_PK_UK>
</indexes>
</Table>