<?xml version = '1.0' encoding = 'UTF-8'?>
<Table class="oracle.dbtools.crest.model.design.relational.Table" directorySegmentName="seg_0" id="AFAE677C-C108-6848-4172-8AEF2758D241" name="TBL_INVESTIMENTOS">
<createdBy>victor</createdBy>
<createdTime>2023-05-30 00:49:29 UTC</createdTime>
<generatorID>11F96997-B95F-6F58-F4F9-8E24B1FA11AD</generatorID>
<ownerDesignName>modelo_fisico</ownerDesignName>
<importedID>9EDD06AE-822C-4724-B9BC-F91B19A55E11</importedID>
<allowColumnReorder>false</allowColumnReorder>
<existDependencyGenerateInDDl>true</existDependencyGenerateInDDl>
<parsed>true</parsed>
<columns itemClass="oracle.dbtools.crest.model.design.relational.Column">
<Column name="id_invest" id="5020D323-10A2-088A-BE6A-C8F47073C7BF">
<createdBy>victor</createdBy>
<createdTime>2023-05-30 00:49:29 UTC</createdTime>
<generatorID>04BCD648-D846-43B0-5D05-6E2690FE2DE0</generatorID>
<ownerDesignName>modelo_fisico</ownerDesignName>
<importedID>F19250F6-1179-62C7-7BB5-6D919C34D68A</importedID>
<useDomainConstraints>false</useDomainConstraints>
<use>1</use>
<logicalDatatype>LOGDT011</logicalDatatype>
<ownDataTypeParameters>,,</ownDataTypeParameters>
<autoIncrementCycle>false</autoIncrementCycle>
</Column>
<Column name="nome_invest" id="814E035A-ABD8-C955-AB9F-ACA08514DB77">
<createdBy>victor</createdBy>
<createdTime>2023-05-30 00:49:29 UTC</createdTime>
<generatorID>DCF78B95-208C-5F7C-B7CE-1CA0ECAD2F0B</generatorID>
<ownerDesignName>modelo_fisico</ownerDesignName>
<importedID>D8445C17-42BC-28DE-177C-93921BDBECD2</importedID>
<useDomainConstraints>false</useDomainConstraints>
<use>1</use>
<logicalDatatype>LOGDT024</logicalDatatype>
<dataTypeSize>55</dataTypeSize>
<ownDataTypeParameters>55,,</ownDataTypeParameters>
<autoIncrementCycle>false</autoIncrementCycle>
</Column>
<Column name="tipo_invest" id="00193F5A-B06E-BC83-F691-5B9565C0CD07">
<createdBy>victor</createdBy>
<createdTime>2023-05-30 00:49:29 UTC</createdTime>
<generatorID>E32ED45B-3AE4-FF9C-C646-4AAB43F0F965</generatorID>
<ownerDesignName>modelo_fisico</ownerDesignName>
<importedID>6D4B3448-EAD5-9E51-2AF0-C27F1AA0ED27</importedID>
<useDomainConstraints>false</useDomainConstraints>
<use>1</use>
<logicalDatatype>LOGDT024</logicalDatatype>
<dataTypeSize>55</dataTypeSize>
<ownDataTypeParameters>55,,</ownDataTypeParameters>
<autoIncrementCycle>false</autoIncrementCycle>
</Column>
<Column name="descricao_invest" id="13E96C26-C18F-332B-C76D-97C2FC6A0E5B">
<createdBy>victor</createdBy>
<createdTime>2023-05-30 00:49:29 UTC</createdTime>
<generatorID>223A7C30-3EEC-EB9F-A5C8-B1DB52FAE9FF</generatorID>
<ownerDesignName>modelo_fisico</ownerDesignName>
<importedID>32B413E6-0467-FA17-4D4F-0D1A196A9D3F</importedID>
<useDomainConstraints>false</useDomainConstraints>
<use>1</use>
<logicalDatatype>LOGDT024</logicalDatatype>
<dataTypeSize>55</dataTypeSize>
<ownDataTypeParameters>55,,</ownDataTypeParameters>
<autoIncrementCycle>false</autoIncrementCycle>
</Column>
<Column name="risco_inves" id="F3F37D67-24D9-2399-4B13-7B88D06EA38B">
<createdBy>victor</createdBy>
<createdTime>2023-05-30 00:49:29 UTC</createdTime>
<generatorID>1C18E2A6-8996-C406-817C-7993D6F044BB</generatorID>
<ownerDesignName>modelo_fisico</ownerDesignName>
<importedID>70130534-65AD-C44F-4A84-35420C8AFBAD</importedID>
<nullsAllowed>true</nullsAllowed>
<useDomainConstraints>false</useDomainConstraints>
<use>1</use>
<logicalDatatype>LOGDT024</logicalDatatype>
<dataTypeSize>55</dataTypeSize>
<ownDataTypeParameters>55,,</ownDataTypeParameters>
<autoIncrementCycle>false</autoIncrementCycle>
</Column>
</columns>
<indexes itemClass="oracle.dbtools.crest.model.design.relational.Index">
<ind_PK_UK id="10AA7869-BE9A-5715-DA88-61C42446FEB3" name="TBL_INVESTIMENTOS_PK">
<createdBy>victor</createdBy>
<createdTime>2023-05-30 00:49:29 UTC</createdTime>
<generatorID>BADFF88C-4308-E283-60BE-D82E0315D454</generatorID>
<ownerDesignName>modelo_fisico</ownerDesignName>
<importedID>F2ADE92B-C706-2524-5F77-2F5AE2275572</importedID>
<pk>true</pk>
<indexState>Primary Constraint</indexState>
<isSurrogateKey>false</isSurrogateKey>
<indexColumnUsage>
<colUsage columnID="5020D323-10A2-088A-BE6A-C8F47073C7BF"/>
</indexColumnUsage>
</ind_PK_UK>
</indexes>
</Table>