<?xml version = '1.0' encoding = 'UTF-8'?>
<Diagram class="oracle.dbtools.crest.swingui.relational.DPVRelational" name="Relational_1(4)" id="5DAB6567-FBA0-A981-3D76-9A5BDAE2995A">
<createdBy>victor</createdBy>
<modifiedBy>victor</modifiedBy>
<createdTime>2023-05-30 00:49:29 UTC</createdTime>
<autoRoute>false</autoRoute>
<boxInbox>true</boxInbox>
<showLegend>false</showLegend>
<showLabels>false</showLabels>
<showRelAttributes>false</showRelAttributes>
<gridEnabled>false</gridEnabled>
<showGrid>false</showGrid>
<diagramColor>-1</diagramColor>
<display>false</display>
<notation>1</notation>
<objectViews>
<OView class="oracle.dbtools.crest.swingui.relational.TVTable" oid="3648166D-801C-02BB-75FC-0EAA6D55B04B" otype="Table" vid="6192412F-5E5A-6E6B-BA8D-E2B6A2087149">
<hideElementsInCurrentOnly>false</hideElementsInCurrentOnly>
<bounds x="25" y="146" width="460" height="110"/>
</OView>
<OView class="oracle.dbtools.crest.swingui.relational.TVTable" oid="45115E52-E610-2631-7CCC-6A1DE7D7D44D" otype="Table" vid="E8B5A470-851F-959B-FDB4-D8B3924BC948">
<hideElementsInCurrentOnly>false</hideElementsInCurrentOnly>
<bounds x="512" y="168" width="508" height="198"/>
</OView>
<OView class="oracle.dbtools.crest.swingui.relational.TVTable" oid="74FB73A8-FE42-DC26-BA5F-E765B19389AB" otype="Table" vid="F20018A5-7B7F-4EBA-7EC9-1A86071D9323">
<hideElementsInCurrentOnly>false</hideElementsInCurrentOnly>
<bounds x="464" y="2" width="306" height="94"/>
</OView>
<OView class="oracle.dbtools.crest.swingui.relational.TVTable" oid="AFAE677C-C108-6848-4172-8AEF2758D241" otype="Table" vid="B02D349E-2D3A-0BD5-BDC9-92D43C9723DD">
<hideElementsInCurrentOnly>false</hideElementsInCurrentOnly>
<bounds x="205" y="304" width="242" height="110"/>
</OView>
<OView class="oracle.dbtools.crest.swingui.relational.TVTable" oid="FAFBA957-49C7-F1D2-F93C-AD40EA2F60D8" otype="Table" vid="F6852CA2-6B2D-438B-1B7D-A259A8A333FC">
<hideElementsInCurrentOnly>false</hideElementsInCurrentOnly>
<bounds x="49" y="28" width="226" height="79"/>
</OView>
</objectViews>
<connectors>
<Connector class="oracle.dbtools.crest.swingui.relational.TVFKRelation" oid="141042E0-4851-BAAE-83EF-CA16FA9F6A1C" otype="FKIndexAssociation" vid_source="B02D349E-2D3A-0BD5-BDC9-92D43C9723DD" vid_target="6192412F-5E5A-6E6B-BA8D-E2B6A2087149">
<hideElementsInCurrentOnly>false</hideElementsInCurrentOnly>
<backgroundColor>-16777216</backgroundColor>
<lineWidth>1</lineWidth>
<points>
<point x="326" y="304"/>
<point x="326" y="256"/>
</points>
</Connector>
<Connector class="oracle.dbtools.crest.swingui.relational.TVFKRelation" oid="2DA4E3DA-FA19-BBFC-3193-D6699BDF64E9" otype="FKIndexAssociation" vid_source="F6852CA2-6B2D-438B-1B7D-A259A8A333FC" vid_target="E8B5A470-851F-959B-FDB4-D8B3924BC948">
<hideElementsInCurrentOnly>false</hideElementsInCurrentOnly>
<backgroundColor>-16777216</backgroundColor>
<lineWidth>1</lineWidth>
<points>
<point x="239" y="107"/>
<point x="512" y="263"/>
</points>
</Connector>
<Connector class="oracle.dbtools.crest.swingui.relational.TVFKRelation" oid="A38A0F24-C981-2D54-7A35-0751FB41F3DC" otype="FKIndexAssociation" vid_source="F20018A5-7B7F-4EBA-7EC9-1A86071D9323" vid_target="E8B5A470-851F-959B-FDB4-D8B3924BC948">
<hideElementsInCurrentOnly>false</hideElementsInCurrentOnly>
<backgroundColor>-16777216</backgroundColor>
<lineWidth>1</lineWidth>
<points>
<point x="641" y="96"/>
<point x="641" y="168"/>
</points>
</Connector>
<Connector class="oracle.dbtools.crest.swingui.relational.TVFKRelation" oid="F1675123-0FC5-5B5D-7FCF-6147F81D6C4A" otype="FKIndexAssociation" vid_source="E8B5A470-851F-959B-FDB4-D8B3924BC948" vid_target="6192412F-5E5A-6E6B-BA8D-E2B6A2087149">
<hideElementsInCurrentOnly>false</hideElementsInCurrentOnly>
<backgroundColor>-16777216</backgroundColor>
<lineWidth>1</lineWidth>
<points>
<point x="512" y="212"/>
<point x="485" y="212"/>
</points>
</Connector>
</connectors>
</Diagram>