<?xml version = '1.0' encoding = 'UTF-8'?>
<relationalModel class="oracle.dbtools.crest.model.design.relational.RelationalDesign" name="Relational_1(3)(2)" id="72C4941D-54B4-CCEB-FBEC-5E00BC78455D" mainViewID="BC3BEE11-03BA-07D7-AE1A-FD60192FCEF1">
<createdBy>victor</createdBy>
<createdTime>2023-05-30 00:49:28 UTC</createdTime>
<ownerDesignName>banco 02</ownerDesignName>
<shouldBeOpen>false</shouldBeOpen>
<selectedRDBMSSite>32076570-2523-435C-2E92-BF29817DFF70</selectedRDBMSSite>
</relationalModel>