<?xml version = '1.0' encoding = 'UTF-8'?>
<relationalModel class="oracle.dbtools.crest.model.design.relational.RelationalDesign" name="Relational_1(2)(2)" id="A4D50778-4F36-9478-B707-06E3A1900493" mainViewID="0D383F40-DA81-B674-E125-77037D9735FE">
<createdBy>victor</createdBy>
<createdTime>2023-05-30 00:49:28 UTC</createdTime>
<ownerDesignName>banco 02</ownerDesignName>
<shouldBeOpen>false</shouldBeOpen>
<selectedRDBMSSite>32076570-2523-435C-2E92-BF29817DFF70</selectedRDBMSSite>
</relationalModel>