<?xml version = '1.0' encoding = 'UTF-8'?>
<relationalModel class="oracle.dbtools.crest.model.design.relational.RelationalDesign" name="Relational_1(4)" id="E2772906-A818-7ECC-9DE9-D94A772FD94B" mainViewID="5DAB6567-FBA0-A981-3D76-9A5BDAE2995A">
<createdBy>victor</createdBy>
<createdTime>2023-05-30 00:49:28 UTC</createdTime>
<ownerDesignName>banco 02</ownerDesignName>
<shouldBeOpen>false</shouldBeOpen>
<selectedRDBMSSite>32076570-2523-435C-2E92-BF29817DFF70</selectedRDBMSSite>
</relationalModel>