<?xml version = '1.0' encoding = 'UTF-8'?>
<relationalModel class="oracle.dbtools.crest.model.design.relational.RelationalDesign" name="Relational_1(2)" id="EE65FA15-029B-1D08-B27A-3EE3C92613DD" mainViewID="8F877E06-8E58-6F5F-C319-8C8B4600C04C">
<createdBy>victor</createdBy>
<createdTime>2023-05-29 23:41:48 UTC</createdTime>
<ownerDesignName>banco 02</ownerDesignName>
<shouldBeOpen>false</shouldBeOpen>
<selectedRDBMSSite>32076570-2523-435C-2E92-BF29817DFF70</selectedRDBMSSite>
</relationalModel>