<?xml version = '1.0' encoding = 'UTF-8'?>
<FKIndexAssociation class="oracle.dbtools.crest.model.design.relational.FKIndexAssociation" directorySegmentName="seg_0" id="2DA4E3DA-FA19-BBFC-3193-D6699BDF64E9" containerWithKeyObject="45115E52-E610-2631-7CCC-6A1DE7D7D44D" localFKIndex="BB3F467D-DB1F-F785-292C-455A91F5B11C" name="TBL_USUARIO_TBL_CONTA_BANCARIA_FK">
<createdBy>victor</createdBy>
<createdTime>2023-05-30 00:49:29 UTC</createdTime>
<generatorID>EDF061A5-3E2F-CBB6-4C26-76A1547786EA</generatorID>
<ownerDesignName>banco 02</ownerDesignName>
<importedID>DA29D25E-6F72-0EE1-55B6-C19B46CF7C6E</importedID>
<referredTableLongName>TBL_CONTA_BANCARIA</referredTableLongName>
<deleteRule>NO ACTION</deleteRule>
<referredTableID>FAFBA957-49C7-F1D2-F93C-AD40EA2F60D8</referredTableID>
<keyObject>0145FF71-CF8F-F822-5AD4-4CD91E47949B</keyObject>
<referredKeyID>0145FF71-CF8F-F822-5AD4-4CD91E47949B</referredKeyID>
<mandatory>true</mandatory>
<refColNames>id_conta</refColNames>
<transferable>true</transferable>
<rely>false</rely>
<columnDependencyConstraintGenerateInDDL>true</columnDependencyConstraintGenerateInDDL>
</FKIndexAssociation>