<?xml version = '1.0' encoding = 'UTF-8'?>
<FKIndexAssociation class="oracle.dbtools.crest.model.design.relational.FKIndexAssociation" directorySegmentName="seg_0" id="A38A0F24-C981-2D54-7A35-0751FB41F3DC" containerWithKeyObject="45115E52-E610-2631-7CCC-6A1DE7D7D44D" localFKIndex="AB0F620E-DE53-717C-1C9A-1AAA8D403BC1" name="TBL_USUARIO_TBL_PERFIL_INVESTIDOR_FK">
<createdBy>victor</createdBy>
<createdTime>2023-05-30 00:49:29 UTC</createdTime>
<generatorID>19EDFC0A-62B4-E1A3-BF70-1AC7F8B814C3</generatorID>
<ownerDesignName>banco 02</ownerDesignName>
<importedID>471AE1C1-DA88-F9AC-7E7A-84EA7FE38812</importedID>
<referredTableLongName>TBL_PERFIL_INVESTIDOR</referredTableLongName>
<deleteRule>NO ACTION</deleteRule>
<referredTableID>74FB73A8-FE42-DC26-BA5F-E765B19389AB</referredTableID>
<keyObject>3330E196-59BC-257B-4775-7648F8A9C7E5</keyObject>
<referredKeyID>3330E196-59BC-257B-4775-7648F8A9C7E5</referredKeyID>
<mandatory>true</mandatory>
<refColNames>TBL_PERFIL_INVESTIDOR_ID</refColNames>
<transferable>true</transferable>
<rely>false</rely>
<columnDependencyConstraintGenerateInDDL>true</columnDependencyConstraintGenerateInDDL>
</FKIndexAssociation>