<?xml version = '1.0' encoding = 'UTF-8'?>
<FKIndexAssociation class="oracle.dbtools.crest.model.design.relational.FKIndexAssociation" directorySegmentName="seg_0" id="F1675123-0FC5-5B5D-7FCF-6147F81D6C4A" containerWithKeyObject="3648166D-801C-02BB-75FC-0EAA6D55B04B" localFKIndex="D5FF1DD1-3979-93E3-39AF-6D8E03F2A6DE" name="Relation_17_TBL_USUARIO_FK">
<createdBy>victor</createdBy>
<createdTime>2023-05-30 00:49:29 UTC</createdTime>
<generatorID>021426F0-4D5B-D87B-5179-01A7D3B1F9F4</generatorID>
<ownerDesignName>banco 02</ownerDesignName>
<importedID>3D56AF1C-CF41-0CB9-1F4C-ADD3CDB27F0B</importedID>
<referredTableLongName>TBL_USUARIO</referredTableLongName>
<deleteRule>NO ACTION</deleteRule>
<referredTableID>45115E52-E610-2631-7CCC-6A1DE7D7D44D</referredTableID>
<keyObject>1C1363C8-0C2B-7203-C231-6522CD1D7214</keyObject>
<referredKeyID>1C1363C8-0C2B-7203-C231-6522CD1D7214</referredKeyID>
<mandatory>true</mandatory>
<refColNames>id</refColNames>
<transferable>true</transferable>
<rely>false</rely>
<columnDependencyConstraintGenerateInDDL>true</columnDependencyConstraintGenerateInDDL>
</FKIndexAssociation>