<?xml version = '1.0' encoding = 'UTF-8'?>
<Relation class="oracle.dbtools.crest.model.design.logical.Relation" name="_t_u" directorySegmentName="seg_0" id="EDF061A5-3E2F-CBB6-4C26-76A1547786EA">
<createdBy>victor</createdBy>
<createdTime>2023-05-29 23:41:51 UTC</createdTime>
<ownerDesignName>banco 02</ownerDesignName>
<importedID>9F9FA95D-BDF7-59FE-F735-574696F59941</importedID>
<engineerTo>
<item key="72C4941D-54B4-CCEB-FBEC-5E00BC78455D" value="true"/>
<item key="DD2D52F2-FDBC-8A1C-B2E2-8BB03F1E89F0" value="true"/>
<item key="C24B3AF5-220F-91E3-210C-D77B581F9A04" value="true"/>
<item key="A4D50778-4F36-9478-B707-06E3A1900493" value="true"/>
<item key="E2772906-A818-7ECC-9DE9-D94A772FD94B" value="true"/>
<item key="EE65FA15-029B-1D08-B27A-3EE3C92613DD" value="true"/>
</engineerTo>
<sourcePk>E89CEA40-8790-68F3-51EF-7EB4FD107893</sourcePk>
<identifying>false</identifying>
<optionalSource>true</optionalSource>
<optionalTarget>false</optionalTarget>
<sourceCardinality>1</sourceCardinality>
<sourceEntity>64229020-7156-B626-306B-11BD451DEAF5</sourceEntity>
<targetCardinalityString>*</targetCardinalityString>
<targetEntity>CF5816D6-DA18-72CD-6A90-A5DE039B8C91</targetEntity>
<transferable>true</transferable>
<deleteRule>NO ACTION</deleteRule>
</Relation>