<?xml version = '1.0' encoding = 'UTF-8'?>
<Table class="oracle.dbtools.crest.model.design.relational.Table" directorySegmentName="seg_0" id="45115E52-E610-2631-7CCC-6A1DE7D7D44D" name="TBL_USUARIO">
<createdBy>victor</createdBy>
<createdTime>2023-05-30 00:49:29 UTC</createdTime>
<generatorID>CF5816D6-DA18-72CD-6A90-A5DE039B8C91</generatorID>
<ownerDesignName>banco 02</ownerDesignName>
<importedID>98B6189C-8840-2064-FC8E-B1E8AA827487</importedID>
<allowColumnReorder>false</allowColumnReorder>
<existDependencyGenerateInDDl>true</existDependencyGenerateInDDl>
<parsed>true</parsed>
<columns itemClass="oracle.dbtools.crest.model.design.relational.Column">
<Column name="id" id="802FB3E0-093D-3789-DF8E-CEF7B2A57656">
<createdBy>victor</createdBy>
<createdTime>2023-05-30 00:49:29 UTC</createdTime>
<generatorID>C8BEE2E0-3E09-D5AA-22DA-C43979FE525C</generatorID>
<ownerDesignName>banco 02</ownerDesignName>
<importedID>754B22F1-A1DA-4E59-78BA-DBA2D544D99C</importedID>
<useDomainConstraints>false</useDomainConstraints>
<use>1</use>
<logicalDatatype>LOGDT011</logicalDatatype>
<ownDataTypeParameters>,,</ownDataTypeParameters>
<autoIncrementCycle>false</autoIncrementCycle>
</Column>
<Column name="nome" id="F3326CE6-A76E-5416-E2AA-0E6533B7A34A">
<createdBy>victor</createdBy>
<createdTime>2023-05-30 00:49:29 UTC</createdTime>
<generatorID>F772CE82-2911-E51C-A0C9-42639D2713C4</generatorID>
<ownerDesignName>banco 02</ownerDesignName>
<importedID>BAA015D1-4BEF-1889-6435-075135FFAC6B</importedID>
<useDomainConstraints>false</useDomainConstraints>
<use>1</use>
<logicalDatatype>LOGDT024</logicalDatatype>
<dataTypeSize>55</dataTypeSize>
<ownDataTypeParameters>55,,</ownDataTypeParameters>
<autoIncrementCycle>false</autoIncrementCycle>
</Column>
<Column name="email" id="E4211C0B-77E0-9498-1F0A-0D1E6666F364">
<createdBy>victor</createdBy>
<createdTime>2023-05-30 00:49:29 UTC</createdTime>
<generatorID>19FCB3B0-30D4-E5E5-AC82-02C57F34E6CE</generatorID>
<ownerDesignName>banco 02</ownerDesignName>
<importedID>08D6E092-B394-B2EC-747C-C035FF10B54D</importedID>
<useDomainConstraints>false</useDomainConstraints>
<use>1</use>
<logicalDatatype>LOGDT024</logicalDatatype>
<dataTypeSize>55</dataTypeSize>
<ownDataTypeParameters>55,,</ownDataTypeParameters>
<autoIncrementCycle>false</autoIncrementCycle>
</Column>
<Column name="senha" id="BDF21ED9-80B2-265D-B495-7E9AA6F618E3">
<createdBy>victor</createdBy>
<createdTime>2023-05-30 00:49:29 UTC</createdTime>
<generatorID>03F763E7-EEBD-B8B2-01E1-E08B64D3AFD4</generatorID>
<ownerDesignName>banco 02</ownerDesignName>
<importedID>8E7A66EF-AB3B-4366-D2C0-795825B11B74</importedID>
<useDomainConstraints>false</useDomainConstraints>
<use>1</use>
<logicalDatatype>LOGDT024</logicalDatatype>
<dataTypeSize>55</dataTypeSize>
<ownDataTypeParameters>55,,</ownDataTypeParameters>
<autoIncrementCycle>false</autoIncrementCycle>
</Column>
<Column name="dt_registro" id="BC6F9BF4-4DD6-2D0D-E52C-8722C8F551A9">
<createdBy>victor</createdBy>
<createdTime>2023-05-30 00:49:29 UTC</createdTime>
<generatorID>6582CDD2-156D-FE2F-6994-84B3544BACF5</generatorID>
<ownerDesignName>banco 02</ownerDesignName>
<importedID>4A178425-C8DA-2044-62D8-706613B50CA8</importedID>
<useDomainConstraints>false</useDomainConstraints>
<use>1</use>
<logicalDatatype>LOGDT007</logicalDatatype>
<ownDataTypeParameters>,,</ownDataTypeParameters>
<autoIncrementCycle>false</autoIncrementCycle>
</Column>
<Column name="CPF" id="C42569A1-20E0-55CF-D223-4EAAD556F260">
<createdBy>victor</createdBy>
<createdTime>2023-05-30 00:49:29 UTC</createdTime>
<generatorID>EB1C22FD-7B72-54C6-E9DD-DE495E5A5FC9</generatorID>
<ownerDesignName>banco 02</ownerDesignName>
<importedID>E479AD5C-B809-5E5B-62B1-31BE3215BA8D</importedID>
<useDomainConstraints>false</useDomainConstraints>
<use>1</use>
<logicalDatatype>LOGDT024</logicalDatatype>
<dataTypeSize>11</dataTypeSize>
<ownDataTypeParameters>11,,</ownDataTypeParameters>
<autoIncrementCycle>false</autoIncrementCycle>
</Column>
<Column name="TBL_CONTA_BANCARIA_id_conta" id="6A5275A3-453A-2783-2DCA-ABAADB472980">
<createdBy>victor</createdBy>
<createdTime>2023-05-30 00:49:29 UTC</createdTime>
<generatorID>3D1E642A-DC3B-3163-882D-8C7F17EB18DF</generatorID>
<ownerDesignName>banco 02</ownerDesignName>
<importedID>26F317C7-7BB3-7E03-8120-4915DD060D84</importedID>
<useDomainConstraints>false</useDomainConstraints>
<use>1</use>
<logicalDatatype>LOGDT024</logicalDatatype>
<dataTypeSize>999</dataTypeSize>
<ownDataTypeParameters>999,,</ownDataTypeParameters>
<autoIncrementCycle>false</autoIncrementCycle>
<associations>
<colAssociation fkAssociation="2DA4E3DA-FA19-BBFC-3193-D6699BDF64E9" referredColumn="DEB782E0-849A-A380-5BDB-9FC1A60CCA76"/>
</associations>
</Column>
<Column name="TBL_PERFIL_INVESTIDOR_TBL_PERFIL_INVESTIDOR_ID" id="6EDD798F-5EA8-38D8-9151-59D8DAF6358F">
<createdBy>victor</createdBy>
<createdTime>2023-05-30 00:49:29 UTC</createdTime>
<ownerDesignName>banco 02</ownerDesignName>
<importedID>ABA7D70C-A2C2-F987-93D2-05346177C080</importedID>
<useDomainConstraints>false</useDomainConstraints>
<use>1</use>
<logicalDatatype>LOGDT019</logicalDatatype>
<ownDataTypeParameters>,,</ownDataTypeParameters>
<autoIncrementCycle>false</autoIncrementCycle>
<associations>
<colAssociation fkAssociation="A38A0F24-C981-2D54-7A35-0751FB41F3DC" referredColumn="1CD9ADF4-8394-A7B9-D9A5-8B0B9846DEAA"/>
</associations>
</Column>
</columns>
<indexes itemClass="oracle.dbtools.crest.model.design.relational.Index">
<ind_PK_UK id="1C1363C8-0C2B-7203-C231-6522CD1D7214" name="TBL_USUARIO_PK">
<createdBy>victor</createdBy>
<createdTime>2023-05-30 00:49:29 UTC</createdTime>
<generatorID>9AC1931B-402D-F782-90EC-A420BA28A0D9</generatorID>
<ownerDesignName>banco 02</ownerDesignName>
<importedID>16953B36-BC69-F657-8009-E8CC5F9A7842</importedID>
<pk>true</pk>
<indexState>Primary Constraint</indexState>
<isSurrogateKey>false</isSurrogateKey>
<indexColumnUsage>
<colUsage columnID="802FB3E0-093D-3789-DF8E-CEF7B2A57656"/>
</indexColumnUsage>
</ind_PK_UK>
<ind_PK_UK id="AB0F620E-DE53-717C-1C9A-1AAA8D403BC1" name="TBL_USUARIO_TBL_PERFIL_INVESTIDOR_FK">
<createdBy>victor</createdBy>
<createdTime>2023-05-30 00:49:29 UTC</createdTime>
<generatorID>19EDFC0A-62B4-E1A3-BF70-1AC7F8B814C3</generatorID>
<ownerDesignName>banco 02</ownerDesignName>
<indexState>Foreign Key</indexState>
<isSurrogateKey>false</isSurrogateKey>
<indexColumnUsage>
<colUsage columnID="6EDD798F-5EA8-38D8-9151-59D8DAF6358F"/>
</indexColumnUsage>
</ind_PK_UK>
<ind_PK_UK id="BB3F467D-DB1F-F785-292C-455A91F5B11C" name="TBL_USUARIO_TBL_CONTA_BANCARIA_FK">
<createdBy>victor</createdBy>
<createdTime>2023-05-30 00:49:29 UTC</createdTime>
<generatorID>EDF061A5-3E2F-CBB6-4C26-76A1547786EA</generatorID>
<ownerDesignName>banco 02</ownerDesignName>
<indexState>Foreign Key</indexState>
<isSurrogateKey>false</isSurrogateKey>
<indexColumnUsage>
<colUsage columnID="6A5275A3-453A-2783-2DCA-ABAADB472980"/>
</indexColumnUsage>
</ind_PK_UK>
</indexes>
</Table>