<?xml version = '1.0' encoding = 'UTF-8'?>
<Table class="oracle.dbtools.crest.model.design.relational.Table" directorySegmentName="seg_0" id="74FB73A8-FE42-DC26-BA5F-E765B19389AB" name="TBL_PERFIL_INVESTIDOR">
<createdBy>victor</createdBy>
<createdTime>2023-05-30 00:49:29 UTC</createdTime>
<generatorID>89CCB336-16AB-CAE5-A7EC-5555EC853B6C</generatorID>
<ownerDesignName>banco 02</ownerDesignName>
<importedID>85F2D911-9FF3-6D59-616A-ACFD6326508B</importedID>
<allowColumnReorder>false</allowColumnReorder>
<existDependencyGenerateInDDl>true</existDependencyGenerateInDDl>
<parsed>true</parsed>
<columns itemClass="oracle.dbtools.crest.model.design.relational.Column">
<Column name="investidor_conservador" id="7C6EF0AB-3B58-982B-E4D4-9765FAE5A54E">
<createdBy>victor</createdBy>
<createdTime>2023-05-30 00:49:29 UTC</createdTime>
<generatorID>051E5573-A39F-E820-BABD-5C32C0BC0400</generatorID>
<ownerDesignName>banco 02</ownerDesignName>
<importedID>B8B88BCD-39CB-B9B3-032B-CCC9076D7581</importedID>
<nullsAllowed>true</nullsAllowed>
<useDomainConstraints>false</useDomainConstraints>
<use>1</use>
<logicalDatatype>LOGDT024</logicalDatatype>
<dataTypeSize>55</dataTypeSize>
<ownDataTypeParameters>55,,</ownDataTypeParameters>
<autoIncrementCycle>false</autoIncrementCycle>
</Column>
<Column name="investidor_medio" id="DF4FC27D-852E-02B7-E3B0-56FF9D0B3F94">
<createdBy>victor</createdBy>
<createdTime>2023-05-30 00:49:29 UTC</createdTime>
<generatorID>351A6526-254D-9633-8055-4D282C674569</generatorID>
<ownerDesignName>banco 02</ownerDesignName>
<importedID>6D8B7BFB-78E0-F22D-9489-F8D8AD33968B</importedID>
<nullsAllowed>true</nullsAllowed>
<useDomainConstraints>false</useDomainConstraints>
<use>1</use>
<logicalDatatype>LOGDT024</logicalDatatype>
<dataTypeSize>55</dataTypeSize>
<ownDataTypeParameters>55,,</ownDataTypeParameters>
<autoIncrementCycle>false</autoIncrementCycle>
</Column>
<Column name="investidor_balanceado" id="BFD9880B-F3ED-7D41-F42B-2281BFB8B2E4">
<createdBy>victor</createdBy>
<createdTime>2023-05-30 00:49:29 UTC</createdTime>
<generatorID>DF20F33E-8652-B83B-3DDA-226D45105855</generatorID>
<ownerDesignName>banco 02</ownerDesignName>
<importedID>2CE434AA-7114-441A-6C75-9F4C6357F790</importedID>
<nullsAllowed>true</nullsAllowed>
<useDomainConstraints>false</useDomainConstraints>
<use>1</use>
<logicalDatatype>LOGDT024</logicalDatatype>
<dataTypeSize>55</dataTypeSize>
<ownDataTypeParameters>55,,</ownDataTypeParameters>
<autoIncrementCycle>false</autoIncrementCycle>
</Column>
<Column name="investidor_crescimento" id="F4803FE3-4794-23CD-CA4B-49EE055D35EC">
<createdBy>victor</createdBy>
<createdTime>2023-05-30 00:49:29 UTC</createdTime>
<generatorID>4BB6CE00-5347-3987-379A-4D4517198E45</generatorID>
<ownerDesignName>banco 02</ownerDesignName>
<importedID>59509388-960A-A5FC-8FB5-938492564C3B</importedID>
<nullsAllowed>true</nullsAllowed>
<useDomainConstraints>false</useDomainConstraints>
<use>1</use>
<logicalDatatype>LOGDT024</logicalDatatype>
<dataTypeSize>55</dataTypeSize>
<ownDataTypeParameters>55,,</ownDataTypeParameters>
<autoIncrementCycle>false</autoIncrementCycle>
</Column>
<Column name="TBL_PERFIL_INVESTIDOR_ID" id="1CD9ADF4-8394-A7B9-D9A5-8B0B9846DEAA">
<createdBy>victor</createdBy>
<createdTime>2023-05-30 00:49:29 UTC</createdTime>
<ownerDesignName>banco 02</ownerDesignName>
<importedID>C946FFB1-588E-456B-224E-31CA2CD24323</importedID>
<useDomainConstraints>false</useDomainConstraints>
<use>1</use>
<logicalDatatype>LOGDT019</logicalDatatype>
<ownDataTypeParameters>,,</ownDataTypeParameters>
<autoIncrementColumn>true</autoIncrementColumn>
<identityColumn>true</identityColumn>
<autoIncrementCycle>false</autoIncrementCycle>
</Column>
</columns>
<indexes itemClass="oracle.dbtools.crest.model.design.relational.Index">
<ind_PK_UK id="3330E196-59BC-257B-4775-7648F8A9C7E5" name="TBL_PERFIL_INVESTIDOR_PK">
<createdBy>victor</createdBy>
<createdTime>2023-05-30 00:49:29 UTC</createdTime>
<ownerDesignName>banco 02</ownerDesignName>
<importedID>026398DB-5463-59C6-4FD0-434F8AEAAC6C</importedID>
<pk>true</pk>
<indexState>Primary Constraint</indexState>
<isSurrogateKey>false</isSurrogateKey>
<indexColumnUsage>
<colUsage columnID="1CD9ADF4-8394-A7B9-D9A5-8B0B9846DEAA"/>
</indexColumnUsage>
</ind_PK_UK>
</indexes>
</Table>