<?xml version = '1.0' encoding = 'UTF-8'?>
<Table class="oracle.dbtools.crest.model.design.relational.Table" directorySegmentName="seg_0" id="FAFBA957-49C7-F1D2-F93C-AD40EA2F60D8" name="TBL_CONTA_BANCARIA">
<createdBy>victor</createdBy>
<createdTime>2023-05-30 00:49:29 UTC</createdTime>
<generatorID>64229020-7156-B626-306B-11BD451DEAF5</generatorID>
<ownerDesignName>banco 02</ownerDesignName>
<importedID>DEF5A55E-FCB4-BB98-417C-1A4402994511</importedID>
<allowColumnReorder>false</allowColumnReorder>
<existDependencyGenerateInDDl>true</existDependencyGenerateInDDl>
<parsed>true</parsed>
<columns itemClass="oracle.dbtools.crest.model.design.relational.Column">
<Column name="id_conta" id="DEB782E0-849A-A380-5BDB-9FC1A60CCA76">
<createdBy>victor</createdBy>
<createdTime>2023-05-30 00:49:29 UTC</createdTime>
<generatorID>B2680AA7-E058-AF4F-7E67-8B30290A974A</generatorID>
<ownerDesignName>banco 02</ownerDesignName>
<importedID>32C1B3A7-6DAC-74A9-1A92-8D62DC8AD15C</importedID>
<useDomainConstraints>false</useDomainConstraints>
<use>1</use>
<logicalDatatype>LOGDT024</logicalDatatype>
<dataTypeSize>999</dataTypeSize>
<ownDataTypeParameters>999,,</ownDataTypeParameters>
<autoIncrementCycle>false</autoIncrementCycle>
</Column>
<Column name="tipo_conta" id="8DCBB685-DF1F-AD4E-9937-9934BE4B61D8">
<createdBy>victor</createdBy>
<createdTime>2023-05-30 00:49:29 UTC</createdTime>
<generatorID>47BAA138-733B-1EB8-F32B-4AE8CE351182</generatorID>
<ownerDesignName>banco 02</ownerDesignName>
<importedID>DB7C9169-EED7-220E-1EA8-CE69F98C6E8A</importedID>
<nullsAllowed>true</nullsAllowed>
<useDomainConstraints>false</useDomainConstraints>
<use>1</use>
<logicalDatatype>LOGDT024</logicalDatatype>
<dataTypeSize>55</dataTypeSize>
<ownDataTypeParameters>55,,</ownDataTypeParameters>
<autoIncrementCycle>false</autoIncrementCycle>
</Column>
</columns>
<indexes itemClass="oracle.dbtools.crest.model.design.relational.Index">
<ind_PK_UK id="0145FF71-CF8F-F822-5AD4-4CD91E47949B" name="TBL_CONTA_BANCARIA_PK">
<createdBy>victor</createdBy>
<createdTime>2023-05-30 00:49:29 UTC</createdTime>
<generatorID>E89CEA40-8790-68F3-51EF-7EB4FD107893</generatorID>
<ownerDesignName>banco 02</ownerDesignName>
<importedID>8E4CE566-E710-BC38-23A3-E6B31869B689</importedID>
<pk>true</pk>
<indexState>Primary Constraint</indexState>
<isSurrogateKey>false</isSurrogateKey>
<indexColumnUsage>
<colUsage columnID="DEB782E0-849A-A380-5BDB-9FC1A60CCA76"/>
</indexColumnUsage>
</ind_PK_UK>
</indexes>
</Table>