<?xml version = '1.0' encoding = 'UTF-8'?>
<relationalModel class="oracle.dbtools.crest.model.design.relational.RelationalDesign" name="Relational_1(3)" id="C24B3AF5-220F-91E3-210C-D77B581F9A04" mainViewID="40480BA3-53A5-5EF7-3D07-CAACB74D341D">
<createdBy>victor</createdBy>
<createdTime>2023-05-29 23:41:48 UTC</createdTime>
<ownerDesignName>modelo_fisico</ownerDesignName>
<shouldBeOpen>false</shouldBeOpen>
<selectedRDBMSSite>32076570-2523-435C-2E92-BF29817DFF70</selectedRDBMSSite>
</relationalModel>