<?xml version = '1.0' encoding = 'UTF-8'?>
<relationalModel class="oracle.dbtools.crest.model.design.relational.RelationalDesign" name="Relational_1" id="DD2D52F2-FDBC-8A1C-B2E2-8BB03F1E89F0" mainViewID="FA6156F0-ACA7-D7B7-704F-7E6556F1D61F">
<createdBy>victor</createdBy>
<createdTime>2023-05-29 23:41:11 UTC</createdTime>
<ownerDesignName>modelo_fisico</ownerDesignName>
<shouldBeOpen>false</shouldBeOpen>
<selectedRDBMSSite>32076570-2523-435C-2E92-BF29817DFF70</selectedRDBMSSite>
</relationalModel>