<?xml version = '1.0' encoding = 'UTF-8'?>
<Diagram class="oracle.dbtools.crest.swingui.logical.DPVLogical" name="Logical" id="864D0071-960E-ED9E-750F-3CD47D0B6E28">
<createdBy>victor</createdBy>
<modifiedBy>victor</modifiedBy>
<createdTime>2023-05-29 23:41:51 UTC</createdTime>
<autoRoute>false</autoRoute>
<boxInbox>true</boxInbox>
<showLegend>false</showLegend>
<showLabels>false</showLabels>
<showRelAttributes>false</showRelAttributes>
<gridEnabled>false</gridEnabled>
<showGrid>true</showGrid>
<diagramColor>-1</diagramColor>
<display>false</display>
<notation>0</notation>
<objectViews>
<OView class="oracle.dbtools.crest.swingui.logical.TVEntity" oid="11F96997-B95F-6F58-F4F9-8E24B1FA11AD" otype="Entity" vid="6E4B69EC-042F-72CB-077E-F9F37A207663">
<hideElementsInCurrentOnly>false</hideElementsInCurrentOnly>
<bounds x="812" y="261" width="263" height="142"/>
</OView>
<OView class="oracle.dbtools.crest.swingui.logical.TVEntity" oid="64229020-7156-B626-306B-11BD451DEAF5" otype="Entity" vid="888C4523-4B5A-9D67-AB8E-8BFE080B9A7B">
<hideElementsInCurrentOnly>false</hideElementsInCurrentOnly>
<bounds x="154" y="141" width="226" height="79"/>
</OView>
<OView class="oracle.dbtools.crest.swingui.logical.TVEntity" oid="89CCB336-16AB-CAE5-A7EC-5555EC853B6C" otype="Entity" vid="583ED6D7-E1A8-B12C-B138-514806AA557E">
<hideElementsInCurrentOnly>false</hideElementsInCurrentOnly>
<bounds x="475" y="19" width="240" height="94"/>
</OView>
<OView class="oracle.dbtools.crest.swingui.logical.TVEntity" oid="CF5816D6-DA18-72CD-6A90-A5DE039B8C91" otype="Entity" vid="D51BCD14-F447-D5F5-E443-222EAC80AF9C">
<hideElementsInCurrentOnly>false</hideElementsInCurrentOnly>
<bounds x="457" y="263" width="215" height="151"/>
</OView>
</objectViews>
<connectors>
<Connector class="oracle.dbtools.crest.swingui.logical.TVRelation" oid="021426F0-4D5B-D87B-5179-01A7D3B1F9F4" otype="Relation" vid_source="D51BCD14-F447-D5F5-E443-222EAC80AF9C" vid_target="6E4B69EC-042F-72CB-077E-F9F37A207663">
<hideElementsInCurrentOnly>false</hideElementsInCurrentOnly>
<backgroundColor>-16777216</backgroundColor>
<lineWidth>1</lineWidth>
<points>
<point x="672" y="333"/>
<point x="833" y="333"/>
</points>
</Connector>
<Connector class="oracle.dbtools.crest.swingui.logical.TVRelation" oid="19EDFC0A-62B4-E1A3-BF70-1AC7F8B814C3" otype="Relation" vid_source="583ED6D7-E1A8-B12C-B138-514806AA557E" vid_target="D51BCD14-F447-D5F5-E443-222EAC80AF9C">
<hideElementsInCurrentOnly>false</hideElementsInCurrentOnly>
<backgroundColor>-16777216</backgroundColor>
<lineWidth>1</lineWidth>
<points>
<point x="588" y="113"/>
<point x="588" y="263"/>
</points>
</Connector>
<Connector class="oracle.dbtools.crest.swingui.logical.TVRelation" oid="EDF061A5-3E2F-CBB6-4C26-76A1547786EA" otype="Relation" vid_source="888C4523-4B5A-9D67-AB8E-8BFE080B9A7B" vid_target="D51BCD14-F447-D5F5-E443-222EAC80AF9C">
<hideElementsInCurrentOnly>false</hideElementsInCurrentOnly>
<backgroundColor>-16777216</backgroundColor>
<lineWidth>1</lineWidth>
<points>
<point x="281" y="220"/>
<point x="281" y="356"/>
<point x="457" y="356"/>
</points>
</Connector>
</connectors>
</Diagram>