<?xml version = '1.0' encoding = 'UTF-8'?>
<Diagram class="oracle.dbtools.crest.swingui.relational.DPVRelational" name="Relational_1" id="FA6156F0-ACA7-D7B7-704F-7E6556F1D61F">
<createdBy>victor</createdBy>
<modifiedBy>victor</modifiedBy>
<createdTime>2023-05-30 00:13:10 UTC</createdTime>
<autoRoute>false</autoRoute>
<boxInbox>true</boxInbox>
<showLegend>false</showLegend>
<showLabels>false</showLabels>
<showRelAttributes>false</showRelAttributes>
<gridEnabled>false</gridEnabled>
<showGrid>false</showGrid>
<diagramColor>-1</diagramColor>
<display>false</display>
<notation>1</notation>
<objectViews>
<OView class="oracle.dbtools.crest.swingui.relational.TVTable" oid="26929DCB-F3E1-9E4B-6E2C-5A38026BA9C9" otype="Table" vid="E4AD95C0-6945-ECA2-1FE4-C0B9D226D45B">
<hideElementsInCurrentOnly>false</hideElementsInCurrentOnly>
<bounds x="25" y="146" width="460" height="110"/>
</OView>
<OView class="oracle.dbtools.crest.swingui.relational.TVTable" oid="85F2D911-9FF3-6D59-616A-ACFD6326508B" otype="Table" vid="3E261BA2-9EC6-1ACB-A637-366C5BAAE476">
<hideElementsInCurrentOnly>false</hideElementsInCurrentOnly>
<bounds x="464" y="2" width="306" height="94"/>
</OView>
<OView class="oracle.dbtools.crest.swingui.relational.TVTable" oid="98B6189C-8840-2064-FC8E-B1E8AA827487" otype="Table" vid="95E4516B-BD64-8499-CD49-B74412DBEAE9">
<hideElementsInCurrentOnly>false</hideElementsInCurrentOnly>
<bounds x="512" y="168" width="508" height="198"/>
</OView>
<OView class="oracle.dbtools.crest.swingui.relational.TVTable" oid="9EDD06AE-822C-4724-B9BC-F91B19A55E11" otype="Table" vid="E6F4BDA2-0D69-CF1C-ED11-7C92E5EB4F61">
<hideElementsInCurrentOnly>false</hideElementsInCurrentOnly>
<bounds x="205" y="304" width="242" height="110"/>
</OView>
<OView class="oracle.dbtools.crest.swingui.relational.TVTable" oid="DEF5A55E-FCB4-BB98-417C-1A4402994511" otype="Table" vid="F4B6AE6F-79E8-A14B-8CA8-1C2F5592B9FB">
<hideElementsInCurrentOnly>false</hideElementsInCurrentOnly>
<bounds x="49" y="28" width="226" height="79"/>
</OView>
</objectViews>
<connectors>
<Connector class="oracle.dbtools.crest.swingui.relational.TVFKRelation" oid="3D56AF1C-CF41-0CB9-1F4C-ADD3CDB27F0B" otype="FKIndexAssociation" vid_source="95E4516B-BD64-8499-CD49-B74412DBEAE9" vid_target="E4AD95C0-6945-ECA2-1FE4-C0B9D226D45B">
<hideElementsInCurrentOnly>false</hideElementsInCurrentOnly>
<backgroundColor>-16777216</backgroundColor>
<lineWidth>1</lineWidth>
<points>
<point x="512" y="212"/>
<point x="485" y="212"/>
</points>
</Connector>
<Connector class="oracle.dbtools.crest.swingui.relational.TVFKRelation" oid="471AE1C1-DA88-F9AC-7E7A-84EA7FE38812" otype="FKIndexAssociation" vid_source="3E261BA2-9EC6-1ACB-A637-366C5BAAE476" vid_target="95E4516B-BD64-8499-CD49-B74412DBEAE9">
<hideElementsInCurrentOnly>false</hideElementsInCurrentOnly>
<backgroundColor>-16777216</backgroundColor>
<lineWidth>1</lineWidth>
<points>
<point x="641" y="96"/>
<point x="641" y="213"/>
</points>
</Connector>
<Connector class="oracle.dbtools.crest.swingui.relational.TVFKRelation" oid="84575B43-4FFC-EAE8-FFF1-116B71C640E5" otype="FKIndexAssociation" vid_source="E6F4BDA2-0D69-CF1C-ED11-7C92E5EB4F61" vid_target="E4AD95C0-6945-ECA2-1FE4-C0B9D226D45B">
<hideElementsInCurrentOnly>false</hideElementsInCurrentOnly>
<backgroundColor>-16777216</backgroundColor>
<lineWidth>1</lineWidth>
<points>
<point x="326" y="304"/>
<point x="326" y="256"/>
</points>
</Connector>
<Connector class="oracle.dbtools.crest.swingui.relational.TVFKRelation" oid="DA29D25E-6F72-0EE1-55B6-C19B46CF7C6E" otype="FKIndexAssociation" vid_source="F4B6AE6F-79E8-A14B-8CA8-1C2F5592B9FB" vid_target="95E4516B-BD64-8499-CD49-B74412DBEAE9">
<hideElementsInCurrentOnly>false</hideElementsInCurrentOnly>
<backgroundColor>-16777216</backgroundColor>
<lineWidth>1</lineWidth>
<points>
<point x="239" y="107"/>
<point x="489" y="263"/>
</points>
</Connector>
</connectors>
</Diagram>